marca,item,caracteristica,valor_item,metodo
BYD,"""Follow me home""encendido temprano / apagado retardado de los faros",,,ninguna
BYD,"""Follow me home""encendido temprano/apagado retardado de los faros",,,ninguna
BYD,12V Interfaz de alimentación,,,ninguna
BYD,2 llaves mecánicas,,,ninguna
BYD,2 radares delanteros,sensores_delanteros,,gemini
BYD,4 Altavoces,,,ninguna
BYD,4 radares traseros,sensores_traseros,,gemini
BYD,4G internet,,,ninguna
BYD,6 altavoces,,,ninguna
BYD,7 kW Cargador de pared,,,ninguna
BYD,AC Cargador (7kW/3.5kW) (TIPO2),,,ninguna
BYD,Acceso sin llave,llave_presencia,,reglas
BYD,Actualización OTA,,,ninguna
BYD,Actualización remota OTA,,,ninguna
BYD,Advertencia de apertura de puerta (DOW),,,ninguna
BYD,Advertencia de colisión frontal (FCW),,,ninguna
BYD,Advertencia de colisión trasera (RCW),,,ninguna
BYD,Advertencia de puerta abierta (DOW),,,ninguna
BYD,Advertencia de salida de carril (LDW),,,ninguna
BYD,Aire acondicionado automático,climatizador_automatico,,reglas
BYD,Aire acondicionado eléctrico,aire_acondicionado,,gemini
BYD,Ajuste d e la columna de direc ción: man ua l ajustable en 4 direcciones,,,ninguna
BYD,Ajuste de la columna de dirección：manual ajustable en 4 direcciones,,,ninguna
BYD,Ajuste eléctrico de 6 direcciones del asiento del conductor,asiento_electrico,,gemini
BYD,Ajuste manual de 4 direcciones del asiento del conductor,,,ninguna
BYD,Ajuste manual de 4 direcciones del asiento del pasajero delantero,,,ninguna
BYD,Ajuste manual de la altura de los faros,,,ninguna
BYD,Ajuste manual de los reposacabezas de los asientos traseros,,,ninguna
BYD,Ajuste manual de luces delanteras,,,ninguna
BYD,Alerta de tráfico cruzado trasero (RCTA),trafico_cruzado,,reglas
BYD,Anclajes para sillas infantiles ISO-FIX,isofix,,gemini
BYD,Android Auto,carplay_android,,reglas
BYD,Antena de aleta de tiburón,,,ninguna
BYD,Apertura del maletero: Apertura eléctrica,porton_electrico,,gemini
BYD,Apertura del maletero: Apertura manual,,,ninguna
BYD,Apertura del techo corredizo: eléctrica,techo_solar,,gemini
BYD,Apoyabrazos central delantero,,,ninguna
BYD,Apoyabrazos central trasero (con portavasos dobles),,,ninguna
BYD,Asiento del conductor con ajuste eléctrico de 6 direcciones,asiento_electrico,,reglas
BYD,Asiento del conductor con ajuste eléctrico en 6 posiciones,asiento_electrico,,reglas
BYD,Asiento del pasajero delantero con 4 posiciones ajustables eléctricamente,asiento_electrico,,reglas
BYD,Asiento del pasajero delantero con ajuste eléctrico en 4 posiciones,asiento_electrico,,reglas
BYD,Asiento imitación cuero,asientos_cuero,,reglas
BYD,Asientos de piel sintética,asientos_cuero,,gemini
BYD,Asientos traseros abatibles 40:60,,,ninguna
BYD,Asientos traseros abatibles 4:6,,,ninguna
BYD,Asientos traseros plegables en proporción 4:6,,,ninguna
BYD,Asistencia de Frenado Hidráulico (HBA),,,ninguna
BYD,Asistencia de columna con dirección asistida eléctrica (C-EPS),,,ninguna
BYD,Asistencia para el arranque en pendiente (HHC),arranque_pendiente,,reglas
BYD,Asistente de cambio de carril (LDA),mantenimiento_carril,,gemini
BYD,Bandeja del baúl,,,ninguna
BYD,Bandeja del maletero,,,ninguna
BYD,Barras de techo integradas,barras_techo,,reglas
BYD,Batería Blade,,,ninguna
BYD,Batería Blade BYD,,,ninguna
BYD,Bloqueo automático por inducción de velocidad,,,ninguna
BYD,Bloqueo mecánico de seguridad para niños,,,ninguna
BYD,Bolsas de aire de cortina de laterales delanteros y traseros,airbags_laterales,,gemini
BYD,Bolsas de aire de cortina de laterales delanteros y traseros,airbags_cortina,,gemini
BYD,Bolsas de aire de cortina de laterales delanteros y traseros,airbags_traseros,,gemini
BYD,Bolsas de aire frontales para el conductor,airbags_frontales,,gemini
BYD,Bolsas de aire frontales para el pasajero delantero,airbags_frontales,,gemini
BYD,Bolsas de aire laterales de cortina,airbags_cortina,,gemini
BYD,Bolsas de aire laterales delanteras,airbags_laterales,,gemini
BYD,Bolsas de aire para conductor y pasajero delantero,airbags_frontales,,gemini
BYD,Bolsas de aire para el conductor,airbags_frontales,,gemini
BYD,Bolsas de aire para el pasajero delantero,airbags_frontales,,gemini
BYD,Bolsillo trasero para documentos del asiento del conductor,,,ninguna
BYD,Bolsillo trasero para documentos del asiento del pasajero delantero,,,ninguna
BYD,Botón para control de crucero adaptativo,crucero_adaptativo,,reglas
BYD,C ce in n t t u ra ró l d n e d l e a s fi e l g a u t r r i a d s a e d ra con limitación de fuerza no precargado en el asiento,,,ninguna
BYD,C de in f t u u e r r ó z n a de seguridad delantero: cinturón de seguridad precargado con limitación,,,ninguna
BYD,C de in f t u u e r r ó z n a de seguridad trasero: cinturón de seguridad precargado con limitación,,,ninguna
BYD,Caja de carga AC (3.5kW o 7kW),,,ninguna
BYD,Calefacción eléctrica de desempañamiento y descongelación,,,ninguna
BYD,Calefacción por bomba de calor,,,ninguna
BYD,Calefacción y descongelación del espejo retrovisor exterior,,,ninguna
BYD,Camara de reversa,camara_trasera,,gemini
BYD,Camaras panorámicas HD,camara_360,,gemini
BYD,Cambio en la columna,,,ninguna
BYD,CarPlay & Android Auto,carplay_android,,reglas
BYD,CarPlay & AndroidAuto inalámbrico,carplay_android,,reglas
BYD,CarPlay & AndroidAuto inalámbrico,carplay_inalambrico,,reglas
BYD,CarPlay+Android Auto,carplay_android,,reglas
BYD,Carga de teléfono inalámbrico,cargador_inalambrico,,reglas
BYD,Carga de teléfonos móviles inalámbricos,cargador_inalambrico,,reglas
BYD,Carga programada,,,ninguna
BYD,Carga ultra rápida de celulares inalámbrica (50W),cargador_inalambrico,,reglas
BYD,Cargador integrado de 11kW (OBC),,,ninguna
BYD,Carplay,carplay_android,,reglas
BYD,Carrocería monocolor,,,ninguna
BYD,Cilindrada del motor: 1.5 L,,,ninguna
BYD,Cinturones de seguridad delanteros pretensados con limitante de fuerza,,,ninguna
BYD,Cinturones de seguridad traseros pretensados con limitante de fuerza,,,ninguna
BYD,Cinturón lateral delantero: limitador de fuerza y ajustable en altura,,,ninguna
BYD,Columna de dirección ajustable manualmente en 2 posiciones,,,ninguna
BYD,Columna de dirección plegable,,,ninguna
BYD,Conexión de red 4G,,,ninguna
BYD,Control de centrado de carril (LCC),mantenimiento_carril,,reglas
BYD,Control de crucero adaptativo (ACC),crucero_adaptativo,,reglas
BYD,Control de crucero inteligente (ICC),crucero,,reglas
BYD,Control de descenso de pendientes (HDC),,,ninguna
BYD,Control de velocidad crucero (CC),crucero,,reglas
BYD,Control de zona de temperatura dual,climatizador_bizona,,gemini
BYD,Control electrónico de estabilidad (ESC),control_estabilidad,,reglas
BYD,Control inteligente de luces altas (IHBC),luces_altas_automaticas,,gemini
BYD,Control inteligente de luces altas (lHBC),luces_altas_automaticas,,gemini
BYD,Control inteligente del límite de velocidad (ISLC),,,ninguna
BYD,Controlador de desaceleración (CDP),,,ninguna
BYD,Cortina de aire lateral integrada delantera y trasera,airbags_cortina,,gemini
BYD,Cortina de aire lateral integrada delantera y trasera,airbags_traseros,,gemini
BYD,Cámara 36 0°,camara_360,,gemini
BYD,Desaceleración controlada para freno de estacionamiento (CDP),,,ninguna
BYD,Desbloqueo eléctrico,,,ninguna
BYD,Desbloqueo eléctrico del maletero trasero,,,ninguna
BYD,Descongelación de espejos exteriores con calefacción,,,ninguna
BYD,Detección de punto ciego (BSD),punto_ciego,,reglas
BYD,Dirección asistida eléctrica tipo columna asistida (C-EPS),,,ninguna
BYD,Disposición de asientos de dos filas 2+2,,,ninguna
BYD,Dispositivo de carga portátil de 3 a 7 (kW),,,ninguna
BYD,Dispositivo de descarga VTOL,,,ninguna
BYD,Distribución de asientos 2+3 en dos filas,,,ninguna
BYD,Distribución electrónica de la fuerza de frenado (EBD),,,ninguna
BYD,"E d s e p sc e o jo n e g x e t l e a r d io o r r : c o A n ju c st a e le e f l a é c c c t i r ó ic n o, espejos exteriores plegables eléctricos y",espejos_rebatibles,,reglas
BYD,Elevación de ventana de las cuatro puertas de un botón con función antipellizco,,,ninguna
BYD,Encender sin llave,llave_presencia,,gemini
BYD,Encender sin llave,arranque_boton,,gemini
BYD,Encendido automático de faros,luces_automaticas,,reglas
BYD,Encendido automático de los faros delanteros,luces_automaticas,,gemini
BYD,Encendido sin llave,arranque_boton,,reglas
BYD,Encendido y apagado inteligente,llave_presencia,,gemini
BYD,Encendido y apagado inteligente,arranque_boton,,gemini
BYD,"Encendido y apagado por adelantado de faros ""Follow me home"" off",,,ninguna
BYD,Entrada y arranque sin llave,arranque_boton,,reglas
BYD,Espejo exterior: Espejos exteriores del color de la carrocería,,,ninguna
BYD,Espejo exterior: luz de advertencia del monitor de punto ciego,punto_ciego,,reglas
BYD,Espejo retrovisor exterior con ajuste eléctrico de lente,,,ninguna
BYD,Espejo retrovisor exterior con lámpara de cortesía,,,ninguna
BYD,Espejo retrovisor exterior con lámpara de pie,,,ninguna
BYD,Espejo retrovisor interior antideslumbrante manual,,,ninguna
BYD,Espejo retrovisor interno antideslumbrante manual,,,ninguna
BYD,Estuche para gafas montado en el techo,,,ninguna
BYD,Estuches de gafas en techo,,,ninguna
BYD,FM+AM radio,,,ninguna
BYD,Faros LED,faros_led,,reglas
BYD,Faros LED delanteros,faros_led,,reglas
BYD,Fijación para asiento infantil (compatible con ISO-FIX),isofix,,gemini
BYD,Filtro PM2.5 de alta eficiencia (CN95+ sin demostración PM2.5),,,ninguna
BYD,Filtro de alta eficiencia CN95,,,ninguna
BYD,Frenado automático de emergencia (AEB),frenado_autonomo,,reglas
BYD,Freno de disco trasero,,,ninguna
BYD,Freno de potencia integrado (IPB),,,ninguna
BYD,Freno de tráfico cruzado trasero (RCTB),trafico_cruzado,,reglas
BYD,Frenos de disco delanteros ventilados,,,ninguna
BYD,Función NFC del teléfono móvil,,,ninguna
BYD,Función de Karaoke①,,,ninguna
BYD,Función de carga AC (6.6kW),,,ninguna
BYD,Función de carga CC de 65kW,,,ninguna
BYD,Función de carga CC de 85kW,,,ninguna
BYD,Función de carga portátil 3 a 7 ①,,,ninguna
BYD,Función de carga portátil de 3 a 7 amperios①,,,ninguna
BYD,Función de carga portátil de 3 a 7①,,,ninguna
BYD,Función de carga programada,,,ninguna
BYD,Función de descarga VTOL,,,ninguna
BYD,Función de descarga VTOL①,,,ninguna
BYD,Función de descarga Vehicle-to-Load (VTOL)①,,,ninguna
BYD,Función de descarga del vehículo (AC VTOL)①,,,ninguna
BYD,Función de la tarjeta NFC①,,,ninguna
BYD,Función de llave Bluetooth del teléfono móvil,,,ninguna
BYD,Función de llave bluetooth del teléfono móvil,,,ninguna
BYD,Función de reserva de carga,,,ninguna
BYD,Función de reserva para cargar,,,ninguna
BYD,Función de tarjeta NFC①,,,ninguna
BYD,Función karaoke①,,,ninguna
BYD,GPS Sistema de navegación,navegador,,reglas
BYD,Gestión distribuida de energía de la batería,,,ninguna
BYD,Indicador inteligente de límite de velocidad (ISLI),,,ninguna
BYD,Inicio remoto,conectividad_remota,,gemini
BYD,Instrumento LCD completo,,,ninguna
BYD,Instrumento combinado de 7 pulgadas,tablero_digital,7,gemini
BYD,Karaoke Función①,,,ninguna
BYD,Kit de re pa ración de neu má ticos,,,ninguna
BYD,Limpiaparabrisas delantero intermitente deshuesado,,,ninguna
BYD,Limpiaparabrisas delanteros con sensor de lluvia,sensor_lluvia,,reglas
BYD,Limpiaparabrisas flexible,,,ninguna
BYD,Limpiaparabrisas sin hueso,,,ninguna
BYD,Limpiaparabrisas sin marco,,,ninguna
BYD,Limpiaparabrisas trasero,,,ninguna
BYD,Llanta sde aleación de alumin iomonocolor,llantas,,reglas
BYD,Llave NFC teléfono móvil,,,ninguna
BYD,Llave eléctrica,,,ninguna
BYD,Llave mecánica,,,ninguna
BYD,Llave móvil por Bluetooth,,,ninguna
BYD,Llaves electrónicas BYD (2 pcs),,,ninguna
BYD,Luces LED traseras combinadas LED,,,ninguna
BYD,Luces antiniebla traseras,faros_antiniebla,,reglas
BYD,Luces de charco del espejo retrovisor exterior,,,ninguna
BYD,Luces de circulación diurna (DRL),luces_diurnas,,reglas
BYD,Luces de señal de giro dinámica trasera LED,,,ninguna
BYD,Luces delanteras LED,faros_led,,reglas
BYD,Luces diurnas LED,luces_diurnas,,reglas
BYD,Luces para los pies del conductor,,,ninguna
BYD,Luces para los pies del pasajero delantero,,,ninguna
BYD,Luces traseras combinadas (LED),,,ninguna
BYD,Luz ambiental,,,ninguna
BYD,Luz ambiental de un solo color,,,ninguna
BYD,Luz antiniebla trasera,faros_antiniebla,,reglas
BYD,Luz de bienvenida dinámica del faro,,,ninguna
BYD,Luz de freno alta (LED),,,ninguna
BYD,Luz de freno alta LED,,,ninguna
BYD,Luz del puerto de carga,,,ninguna
BYD,Luz del puerto de carga (monocromática),,,ninguna
BYD,Luz interior delantera (LED),,,ninguna
BYD,Lámpara de guantera,,,ninguna
BYD,Lámpara de puerta delantera (LED),,,ninguna
BYD,Lámpara del compartimento delantero & trasero (LED),,,ninguna
BYD,Lámpara del compartimento delantero (LED),,,ninguna
BYD,Lámpara del compartimento trasero lateral (LED),,,ninguna
BYD,Lámpara del maletero,,,ninguna
BYD,Lámpara del panel de instrumentos auxiliar,tablero_digital,,reglas
BYD,Lámpara en baúl,,,ninguna
BYD,Lámpara en maletero,,,ninguna
BYD,Lámpara interior delantera y trasera (LED),,,ninguna
BYD,Manijas exteriores embutidas,,,ninguna
BYD,Material del asiento：Imitación de cuero,asientos_cuero,,reglas
BYD,Material del volante: Simil cuero,volante_cuero,,reglas
BYD,Material del volante：Imitación de cuero,volante_cuero,,reglas
BYD,Modo de conducción FWD,,,ninguna
BYD,Modo de conducción: Deportivo,,,ninguna
BYD,Modo de conducción: Económico,,,ninguna
BYD,Modo de conducción: Nevado,,,ninguna
BYD,Modo de conducción: Norma,,,ninguna
BYD,Modo de conducción: deportivo,,,ninguna
BYD,"Modo de conducción: deportivo, cómodo, económico",,,ninguna
BYD,Modo de conducción: económico,,,ninguna
BYD,Modo de conducción: nieve,,,ninguna
BYD,Modo de conducción: normal,,,ninguna
BYD,Modo de manejo：Híbrido enchufable,,,ninguna
BYD,Modo topográfico: nieve,,,ninguna
BYD,Motor de manejo PHEV,,,ninguna
BYD,Multimedia,pantalla_multimedia,,reglas
BYD,Método de desbloqueo del maletero：Desbloqueo electrico o remoto,,,ninguna
BYD,Neumáticos de 17 pulgadas,llantas,17,gemini
BYD,Neumáticos de repuesto de tamaño no completo,,,ninguna
BYD,"P d a e r s a c b o r n is g a e s la t c ra ió s n ero: Protección UV, calefacción eléctrica, desempañamiento y",,,manual
BYD,"P ia a is ra la b m ris ie a n s t d o e a la cú n s te ti r c o o : d D e e s d e o m b p le a p ñ a a n d e o l , descongelación, protección UV e",,,ninguna
BYD,Panel de instrumentos de plástico,tablero_digital,,reglas
BYD,"Pantalla multimedia central 12,8 (pulgadas)",pantalla_multimedia,,reglas
BYD,"Pantalla multimedia giratoria de 10,1 pulgadas",pantalla_multimedia,10.1,reglas
BYD,Parabrisas trasero con calefacción de desempañamiento y descongelación,,,ninguna
BYD,Parada de confort (CST),,,ninguna
BYD,Parasol de techo solar panorámico,techo_solar,,reglas
BYD,Parasol del conductor con espejo de tocador (con lámpara),,,ninguna
BYD,Parasol del pasajero delantero con espejo de tocador (con lámpara),,,ninguna
BYD,Parasol eléctrico del techo solar panorámico,techo_solar,,reglas
BYD,Plegado automático de los retrovisores exteriores,espejos_rebatibles,,gemini
BYD,Portaequipajes mate,,,ninguna
BYD,Puerto USB frontal (Tipo A *1+ Tipo C*1),,,ninguna
BYD,Puerto USB frontal (Tipo A+ Tipo A),,,ninguna
BYD,Puerto USB trasero (Tipo A *1+ Tipo C*1),usb_traseros,,reglas
BYD,Puerto USB trasero (Tipo A+ Tipo C),usb_traseros,,reglas
BYD,Puerto de carga AC Tipo2 (6.6kW),,,ninguna
BYD,Puerto de carga AC （7kW）,,,ninguna
BYD,Puerto de carga CCS Combo2,,,ninguna
BYD,Puerto de carga DC (65kW）,,,ninguna
BYD,Radio AM & FM,,,ninguna
BYD,Radio FM & AM,,,ninguna
BYD,Radio FM&AM,,,ninguna
BYD,Reconocimiento de señales de tráfico (TSR),,,ninguna
BYD,Recordatorio del cinturón de seguridad de asientos delanteros,,,ninguna
BYD,Recordatorio del cinturón de seguridad de asientos traseros,,,ninguna
BYD,Recordatorio del cinturón de seguridad del conductor,,,ninguna
BYD,Recordatorio del cinturón de seguridad del pasajero delantero,,,ninguna
BYD,Recordatorio del cinturón de seguridad delantero y trasero,,,ninguna
BYD,Reposabrazo ajustable de altura del asiento trasero,,,ninguna
BYD,Reposabrazos central delantero,,,ninguna
BYD,Reposabrazos centrales para asientos traseros,,,ninguna
BYD,Reposacabezas integral del asiento del conductor,,,ninguna
BYD,Reposacabezas integral del asiento del pasajero delantero,,,ninguna
BYD,Retrovisor exterior plegable eléctrico,espejos_rebatibles,,reglas
BYD,Retrovisor interior antideslumbrante manual,,,ninguna
BYD,Rines de 16 pulgadas de aleación de aluminio,llantas_aleacion,,gemini
BYD,Rines de 16 pulgadas de aleación de aluminio,llantas,16,gemini
BYD,Rotación central de la pantalla ：eléctrica,pantalla_multimedia,,reglas
BYD,Ruedas de aluminio,llantas_aleacion,,gemini
BYD,Salida de aire del suelo trasero,salidas_aire_traseras,,gemini
BYD,Salida de aire trasera,salidas_aire_traseras,,gemini
BYD,Servicio BYD Cloud,conectividad_remota,,gemini
BYD,Sistema antirrobo del sistema de transmisión de potencia,,,ninguna
BYD,Sistema de Cabina Inteligente BYD,,,ninguna
BYD,Sistema de Monitoreo Directo de la Presión de los Neumáticos (TPMS),presion_neumaticos,,reglas
BYD,Sistema de cabina inteligente BYD,,,ninguna
BYD,Sistema de cabina inteligente BYD (8155F),,,ninguna
BYD,Sistema de calefacción de baterías de energía (calefacción directa),,,ninguna
BYD,Sistema de calefacción por batería eléctrica,,,ninguna
BYD,Sistema de control de arranque en pendiente (HHC),arranque_pendiente,,reglas
BYD,Sistema de control de crucero inteligente (ICC),crucero,,reglas
BYD,Sistema de control de tracción (TCS),,,ninguna
BYD,Sistema de control dinámico del vehículo (VDC),,,ninguna
BYD,Sistema de control directo de la presión de los neumáticos (TPMS),presion_neumaticos,,reglas
BYD,Sistema de crucero adaptativo con función start-stop (ACC),crucero_adaptativo,,reglas
BYD,Sistema de enfriamiento de la batería de energía (enfriamiento directo),,,ninguna
BYD,Sistema de estacionamiento automático (AVH),estacionamiento_asistido,,reglas
BYD,Sistema de estacionamiento electrónico (EPB),freno_mano_electrico,,reglas
BYD,Sistema de frenado regenerativo coordinado (CRBS),,,ninguna
BYD,Sistema de frenos antibloqueo (ABS),,,ninguna
BYD,Sistema de iluminación frontal adaptable (AFL),,,ninguna
BYD,Sistema de interacción de voz de doble zona,climatizador_bizona,,reglas
BYD,Sistema de interacción de voz de doble área de sonido,,,ninguna
BYD,Sistema de intervención de movimiento de balanceo (RMI),,,ninguna
BYD,Sistema de monitoreo directo de la presión de los neumáticos,presion_neumaticos,,reglas
BYD,Sistema de monitoreo directo de la presión de los neumáticos(TPMS),presion_neumaticos,,reglas
BYD,Sistema de navegación inteligente (ICC),navegador,,reglas
BYD,Sistema de orientación del freno (BOS),,,ninguna
BYD,Sistema de reconocimiento de señales de tráfico (TSR),,,ninguna
BYD,Sistema de refrigeración de la batería eléctrica,,,ninguna
BYD,Sistema de retroalimentación de freno,,,ninguna
BYD,Sistema electrónico antirrobo de la carrocería,,,ninguna
BYD,Sistema inteligente de control de voz,,,ninguna
BYD,Sistema inteligente de potencia de frenado (IPBS),,,ninguna
BYD,Sistema operativo Google con asistnte Maps & tienda de apps integrada,,,ninguna
BYD,Suspensión delantera: MacPherson,,,ninguna
BYD,Suspensión delantera：MacPherson,,,ninguna
BYD,Suspensión trasera: Barra de torsión,,,ninguna
BYD,Suspensión trasera：Enlace múltiple,,,ninguna
BYD,Suspensión trasera：Viga de torsión,,,ninguna
BYD,"Tablero de instrumento de 8,2 (pulgadas)",tablero_digital,8.2,gemini
BYD,Tamaño de pantalla central：12.8 pulgadas,pantalla_multimedia,12.8,reglas
BYD,Tamaño de rueda de 16 pulgadas,llantas,16,gemini
BYD,Tamaño del LCD panel de instrumentos：8.8 pulgadas,tablero_digital,8.8,reglas
BYD,Tamaño del panel de instrumentos：8.8 pulgadas,tablero_digital,8.8,reglas
BYD,Techo corredizo panorámico eléctrico,techo_solar,,gemini
BYD,Techo corredizo tejido de punto,,,ninguna
BYD,Techo forrado en tela,,,ninguna
BYD,Techo solar panorámico,techo_solar,,reglas
BYD,Toma de corrientes 12V para vehículos,,,ninguna
BYD,Tracción delantera,traccion_4x4,,reglas
BYD,Tres radares de reversa traseros,,,ninguna
BYD,UE Puerto de Carga (Tipo 2),,,ninguna
BYD,UE5 Estándar de Emisión,,,ninguna
BYD,USB frontal: Type A*1+TypeC*1,,,ninguna
BYD,Ventana de cuatro puertas con un botón de elevación y función antipellizco,,,ninguna
BYD,Ventanas de conductor elevables con una sola pulsación y función antipellizco,,,ninguna
BYD,Vidrio de la puerta delantero: Protección UV y aislamiento acústico de doble panel,,,ninguna
BYD,Vidrio de la puerta trasera: protección UV,,,ninguna
BYD,Visera del asiento del conductor y pasajero con espejo y lampara,,,ninguna
BYD,Visera solar con espejo y luz para conductor,,,ninguna
BYD,Visera solar con espejo y luz para pasajero delantero,,,ninguna
BYD,Volante de cuatro radios,,,ninguna
BYD,Volante multifuncional,,,ninguna
BYD,a E n le t v ip a e c l ió liz n c d o e ventana de las cuatro puertas de un botón con función,,,ninguna
BYD,legado automático de los retrovisores exteriores,,,ninguna
BYD,remolque+triángulo de advertencia+chaleco reflectante+clip de extracción de la,,,ninguna
BYD,trasera,,,ninguna
CHEVROLET,"""Arena Metálico"" ",,,ninguna
CHEVROLET,"""Rush Met""",,,ninguna
CHEVROLET,3ra fila de asientos rebatible,,,ninguna
CHEVROLET,"4 Puertos USB, 2 delanteros y 2 traseros, Tipo A y C ",usb_traseros,,reglas
CHEVROLET,4 parlantes,,,ninguna
CHEVROLET,5 Asientos,,,ninguna
CHEVROLET,6 Airbags,airbags_frontales,,gemini
CHEVROLET,6 Airbags,airbags_laterales,,gemini
CHEVROLET,6 Airbags,airbags_cortina,,gemini
CHEVROLET,"6 Airbags (Frontal, lateral, de cortina)",airbags_frontales,,reglas
CHEVROLET,"6 Airbags (Frontal, lateral, de cortina)",airbags_laterales,,reglas
CHEVROLET,"6 Airbags (Frontal, lateral, de cortina)",airbags_cortina,,reglas
CHEVROLET,"6 Airbags (dos frontales, dos laterales y dos de cortina)",airbags_frontales,,reglas
CHEVROLET,"6 Airbags (dos frontales, dos laterales y dos de cortina)",airbags_laterales,,reglas
CHEVROLET,"6 Airbags (dos frontales, dos laterales y dos de cortina)",airbags_cortina,,reglas
CHEVROLET,6 Parlantes,,,ninguna
CHEVROLET,"6 airbags (Frontales, laterales y de cortina)",airbags_frontales,,reglas
CHEVROLET,"6 airbags (Frontales, laterales y de cortina)",airbags_laterales,,reglas
CHEVROLET,"6 airbags (Frontales, laterales y de cortina)",airbags_cortina,,reglas
CHEVROLET,"6 airbags (Frontales, laterales y de cortina) ",airbags_frontales,,reglas
CHEVROLET,"6 airbags (Frontales, laterales y de cortina) ",airbags_laterales,,reglas
CHEVROLET,"6 airbags (Frontales, laterales y de cortina) ",airbags_cortina,,reglas
CHEVROLET,6 parlantes,,,ninguna
CHEVROLET,6 parlantes ,,,ninguna
CHEVROLET,7 Asientos,,,ninguna
CHEVROLET,ABS con Distribuidor Electrónico de Frenado (EBD),,,ninguna
CHEVROLET,"AM/FM, función Audio Streaming, Bluetooth",,,ninguna
CHEVROLET,Acho de espejo a espejo (mm),,,ninguna
CHEVROLET,"Airbags frontales, latera y de cortina",airbags_frontales,,reglas
CHEVROLET,"Airbags frontales, latera y de cortina",airbags_cortina,,reglas
CHEVROLET,Aire Acondicionado Digital,aire_acondicionado,,reglas
CHEVROLET,Aire Acondicionado Manual,aire_acondicionado,,reglas
CHEVROLET,Aire acondicionado Digital,aire_acondicionado,,reglas
CHEVROLET,Aire acondicionado con control de temperatura digital,aire_acondicionado,,gemini
CHEVROLET,Aire acondicionado digital automático,climatizador_automatico,,reglas
CHEVROLET,Aire acondicionado digital ,aire_acondicionado,,reglas
CHEVROLET,Aire acondicionado manual,aire_acondicionado,,reglas
CHEVROLET,Aire acondicionado trasero,salidas_aire_traseras,,gemini
CHEVROLET,Alarma Antirrobo,,,ninguna
CHEVROLET,Alarma antirrobo,,,ninguna
CHEVROLET,Alarma antirrobo ,,,ninguna
CHEVROLET,Alerta de Colisión Frontal,,,ninguna
CHEVROLET,Alerta de Colisión frontal (FCW),,,ninguna
CHEVROLET,Alerta de Punto Ciego,punto_ciego,,reglas
CHEVROLET,Alerta de Tráfico Cruzado Trasero,trafico_cruzado,,reglas
CHEVROLET,Alerta de cambio de carril,mantenimiento_carril,,gemini
CHEVROLET,Alerta de cambio de carril con corrección de dirección (LDW) (LKA),mantenimiento_carril,,gemini
CHEVROLET,Alerta de cinturón de seguridad,,,ninguna
CHEVROLET,"Alerta de cinturón de seguridad delantero, alerta visual y de audio ",,,ninguna
CHEVROLET,Alerta de cinturón de seguridad en asientos delanteros y traseros,,,ninguna
CHEVROLET,Alerta de cinturón de seguridad para asientos delanteros y traseros,,,ninguna
CHEVROLET,Alerta de colisión frontal,,,ninguna
CHEVROLET,Alerta de colisión frontal (FCW) ,,,ninguna
CHEVROLET,Alerta de detección de peatones y ciclistas,,,ninguna
CHEVROLET,Alerta de punto ciego,punto_ciego,,reglas
CHEVROLET,Alerta de salida de carril (LDW) con corrección de volante (LKA) ,mantenimiento_carril,,gemini
CHEVROLET,Alerta de tráfico cruzado,trafico_cruzado,,reglas
CHEVROLET,Alerón trasero,,,ninguna
CHEVROLET,Alternador,,,ninguna
CHEVROLET,Alto en orden de marcha (mm),,,ninguna
CHEVROLET,Alto total (mm),,,ninguna
CHEVROLET,Altura (mm),,,ninguna
CHEVROLET,Altura (mm) 1.675,,,ninguna
CHEVROLET,"Altura, incluido el portaequipajes (mm)",,,ninguna
CHEVROLET,"Altura, inlcuyendo barras de techo (mm)",,,ninguna
CHEVROLET,Ancho (mm),,,ninguna
CHEVROLET,Ancho (sin espejos / con espejos)(mm),,,ninguna
CHEVROLET,Ancho - carrocería (mm),,,ninguna
CHEVROLET,Ancho - carrocería (mm) 1.890,,,ninguna
CHEVROLET,Ancho Total - espejo a espejo (mm),,,ninguna
CHEVROLET,Ancho total (mm),,,ninguna
CHEVROLET,Ancho total (mm) (sin espejos),,,ninguna
CHEVROLET,Anclajes ISOFIX,isofix,,reglas
CHEVROLET,Antena de techo,,,ninguna
CHEVROLET,Apertura con llave,,,ninguna
CHEVROLET,Apliques cromados/vinilo decorativos en el panel de instrumentos,tablero_digital,,reglas
CHEVROLET,Apoya brazos central,,,ninguna
CHEVROLET,Apoya brazos central ,,,ninguna
CHEVROLET,Apoyabrazos en asientos traseros,,,ninguna
CHEVROLET,Apoyacabezas delanteros con ajuste de altura,,,ninguna
CHEVROLET,Apoyacabezas en asientos delanteros y traseros,,,ninguna
CHEVROLET,Apoyacabezas trasero para 3 pasajeros con ajuste de altura,,,ninguna
CHEVROLET,Apple Car Play & Android Auto,carplay_android,,reglas
CHEVROLET,Apple Carplay & Android Auto,carplay_android,,reglas
CHEVROLET,"Arranque ""Key less"" sin llave",llave_presencia,,gemini
CHEVROLET,"Arranque remoto desde la aplicación exclusiva ""My Chevrolet""",conectividad_remota,,gemini
CHEVROLET,Asiento con alerta vibratoria,,,ninguna
CHEVROLET,Asiento conductor regulable en 6 direcciones eléctrico,asiento_electrico,,reglas
CHEVROLET,Asiento de conductor con regulación en altura,,,ninguna
CHEVROLET,Asiento de conductor eléctrico regulable en 8 direcciones,asiento_electrico,,reglas
CHEVROLET,Asiento de pasajero manual regulable en 4 direcciones,,,ninguna
CHEVROLET,Asiento del conductor con ajuste eléctrico en 6 posiciones,asiento_electrico,,reglas
CHEVROLET,Asiento del conductor manual regulable en 6 direcciones,,,ninguna
CHEVROLET,Asiento del conductor regulable en 6 direcciones,,,ninguna
CHEVROLET,"Asiento del conductor regulable en 6 direcciones, eléctrico ",asiento_electrico,,reglas
CHEVROLET,Asiento del conductor regulable en altura,,,ninguna
CHEVROLET,Asiento del conductor regulable en altura (6 dir.),,,ninguna
CHEVROLET,Asiento del pasajero con ajuste manual de 4 posiciones,,,ninguna
CHEVROLET,Asiento del pasajero eléctrico regulable en 8 direcciones,asiento_electrico,,reglas
CHEVROLET,Asiento del pasajero manual regulable en 4 direcciones,,,ninguna
CHEVROLET,"Asiento del pasajero regulable en 4 direcciones, manual ",,,ninguna
CHEVROLET,Asiento pasajero regulable en 4 direcciones manual,,,ninguna
CHEVROLET,Asiento posterior abatible 50/50,,,ninguna
CHEVROLET,Asiento trasero con respaldo abatible 60/40,,,ninguna
CHEVROLET,Asientos con tapizado de Ecocuero,asientos_cuero,,reglas
CHEVROLET,Asientos delanteros calefaccionados,asientos_calefaccionados,,reglas
CHEVROLET,Asientos delanteros ventilados y calefaccionados,asientos_calefaccionados,,reglas
CHEVROLET,Asientos en cuero,asientos_cuero,,reglas
CHEVROLET,Asientos en cuero Jet Black,asientos_cuero,,reglas
CHEVROLET,Asientos en cuero exclusivo diseño RS,asientos_cuero,,reglas
CHEVROLET,Asientos en tela,,,ninguna
CHEVROLET,Asientos en tela y cuero Jet Black/Brown Stone,asientos_cuero,,reglas
CHEVROLET,Asientos traseros bipartido y rebatible,,,ninguna
CHEVROLET,Asientos traseros calefaccionados,asientos_calefaccionados,,reglas
CHEVROLET,Asistencia crucero en curva,,,ninguna
CHEVROLET,Asistencia de Mantenimiento de Carril,mantenimiento_carril,,reglas
CHEVROLET,Asistencia de estacionamiento automático (Park Assist),estacionamiento_asistido,,reglas
CHEVROLET,Asistencia de mantenimiento de carril,mantenimiento_carril,,reglas
CHEVROLET,Asistencia de mantenimiento de carril; con corrección de volante,mantenimiento_carril,,reglas
CHEVROLET,Asistente de Partida en Pendiente,arranque_pendiente,,gemini
CHEVROLET,Asistente de arranque en pendiente,arranque_pendiente,,reglas
CHEVROLET,Asistente de arranque en pendiente (HSA),arranque_pendiente,,reglas
CHEVROLET,Asistente de frenado a bajas velocidades,frenado_autonomo,,gemini
CHEVROLET,Asistente de frenado en velocidad,,,ninguna
CHEVROLET,Asistente de guías de estacionamiento,,,ninguna
CHEVROLET,Asistente de mantenimiento de carril,mantenimiento_carril,,reglas
CHEVROLET,Asistente de partida en pendiente,arranque_pendiente,,gemini
CHEVROLET,Asistente de salida en pendiente,arranque_pendiente,,gemini
CHEVROLET,Asistente de salida en pendiente (HHC) ,arranque_pendiente,,gemini
CHEVROLET,"Asistente de salida en pendiente (HHC), control de descenso en pendiente (HDC) ",arranque_pendiente,,gemini
CHEVROLET,Autonomía en Modo Combustión (NEDC) 950 km,,,ninguna
CHEVROLET,Autonomía en Modo EV (NEDC) 90 km,,,ninguna
CHEVROLET,Aviso de puerta abierta,,,ninguna
CHEVROLET,Aviso sonoro de cinturón de seguridad para asentos delanteros y traseros,,,ninguna
CHEVROLET,"Azul ""Aqua""",,,ninguna
CHEVROLET,"Azul ""Tormenta""",,,ninguna
CHEVROLET,"Azul - ""Alba"" ",,,ninguna
CHEVROLET,"Azul - ""Some Kinda Blue""",,,ninguna
CHEVROLET,Azul – “Some Kinda Blue”,,,ninguna
CHEVROLET,Barra Deportiva Z71/Trail Boss,,,ninguna
CHEVROLET,Barra San Antonio,,,ninguna
CHEVROLET,Barras de techo color carrocería,barras_techo,,reglas
CHEVROLET,Barras de techo negras,barras_techo,,reglas
CHEVROLET,Barras de techo negras High Gloss ,barras_techo,,reglas
CHEVROLET,Barras de techo plateadas,barras_techo,,reglas
CHEVROLET,Barras longitudinales de techo negro,barras_techo,,reglas
CHEVROLET,Barras porta equipaje,barras_techo,,gemini
CHEVROLET,Barras portaequipaje de aluminio,barras_techo,,gemini
CHEVROLET,Batería,,,ninguna
CHEVROLET,Batería Fosfato de Hierro y Litio,,,ninguna
CHEVROLET,Baúl (litros),,,ninguna
CHEVROLET,Baúl (litros) 532,,,ninguna
CHEVROLET,Baúl con apertura eléctrica,porton_electrico,,gemini
CHEVROLET,Baúl con compartimento en rueda de auxilio,,,ninguna
CHEVROLET,Baúl con la segunda fila de asientos abatida (litros) 1.690,,,ninguna
CHEVROLET,Beige (Sandy),,,ninguna
CHEVROLET,"Blanco ""Destello""",,,ninguna
CHEVROLET,"Blanco ""Polar White""",,,ninguna
CHEVROLET,"Blanco ""Summit White""",,,ninguna
CHEVROLET,"Blanco - ""Perla"" ",,,ninguna
CHEVROLET,"Blanco - ""Summit White""",,,ninguna
CHEVROLET,Blanco SANDS,,,ninguna
CHEVROLET,Blanco SUMMIT,,,ninguna
CHEVROLET,Blanco – “Summit White”,,,ninguna
CHEVROLET,"Bloqueo centralizado de puertas, bloqueo automático con el movimiento ",,,ninguna
CHEVROLET,Bloqueo manual de la cubierta de puerto de carga,,,ninguna
CHEVROLET,Bloqueo manual de la tapa de puerto de carga,,,ninguna
CHEVROLET,COLORES DISPONIBLES,,,ninguna
CHEVROLET,COMFORT,,,ninguna
CHEVROLET,Caja de Transferencia Electrónica,,,ninguna
CHEVROLET,Camara 360°,camara_360,,reglas
CHEVROLET,"Camara de visión 360°, con líneas guía ",camara_360,,reglas
CHEVROLET,Camara de visión trasera HD,camara_trasera,,reglas
CHEVROLET,Cantidad de pasajeros 5,,,ninguna
CHEVROLET,Capacidad de carga de combustible (L),,,ninguna
CHEVROLET,"Capacidad de la Batería (kWh) 20,5",,,ninguna
CHEVROLET,Capacidad de remolque (con freno) (kg),,,ninguna
CHEVROLET,Capacidad de remolque (sin freno) (kg),,,ninguna
CHEVROLET,Capacidad del baúl con asientos traseros rebatidos y hasta el borde de los asientos delanteros (L),,,ninguna
CHEVROLET,Capacidad del baúl con asientos traseros rebatidos y hasta el techo (L),,,ninguna
CHEVROLET,Capacidad del baúl hasta el borde del asiento trasero (L),,,ninguna
CHEVROLET,Capacidad del baúl hasta el techo con asientos en posición (L),,,ninguna
CHEVROLET,Capacidad del tanque de combustible (litros),,,ninguna
CHEVROLET,Carga USB tipo A traseros (x2) y toma 12V,usb_traseros,,reglas
CHEVROLET,Carga y transferencia de datos USB tipo A y C delanteros,,,ninguna
CHEVROLET,Carga Útil (kg),,,ninguna
CHEVROLET,"Carga útil, con 5 pasajeros mas equipaje (Kg)",,,ninguna
CHEVROLET,Cargador Inalámbrico,cargador_inalambrico,,reglas
CHEVROLET,Cargador inalámbrico,cargador_inalambrico,,reglas
CHEVROLET,Cargador inalámbrico para smartphones,cargador_inalambrico,,reglas
CHEVROLET,"Chevrolet MyLink, LCD sensible al tacto de 11"", Radio AM/FM Android Auto y Apple CarPlay. Función de Audio Streaming, Bluetooth",carplay_android,,reglas
CHEVROLET,"Chevrolet MyLink, LCD sensible al tacto de 11"", Radio AM/FM Android Auto y Apple CarPlay. Función de Audio Streaming, Bluetooth",pantalla_multimedia,11,reglas
CHEVROLET,"Chevrolet MyLink, con pantalla LCD sensible al tacto de 11"", integración con smartphones a través de Android Auto y Apple CarPlay, Radio AM/FM, función Audio Streaming, Bluetooth para hasta 2 celulares simultaneamente y entrada USB",carplay_android,,reglas
CHEVROLET,"Chevrolet MyLink, con pantalla LCD sensible al tacto de 11"", integración con smartphones a través de Android Auto y Apple CarPlay, Radio AM/FM, función Audio Streaming, Bluetooth para hasta 2 celulares simultaneamente y entrada USB",pantalla_multimedia,11,reglas
CHEVROLET,"Chevrolet MyLink, con pantalla LCD sensible al tacto de 11"", integración con smartphones, BT, Apple CarPlay y Android Auto, Radio AM/FM, Función Audio Streaming",carplay_android,,reglas
CHEVROLET,"Chevrolet MyLink, con pantalla LCD sensible al tacto de 11"", integración con smartphones, BT, Apple CarPlay y Android Auto, Radio AM/FM, Función Audio Streaming",pantalla_multimedia,11,reglas
CHEVROLET,"Chevrolet MyLink, con pantalla LCD sensible al tacto de 8"", integración con smartphones a través de Android Auto y Apple CarPlay, Radio AM/FM, función Audio Streaming, Bluetooth para hasta 2 celulares simultaneamente y entrada USB",carplay_android,,reglas
CHEVROLET,"Chevrolet MyLink, con pantalla LCD sensible al tacto de 8"", integración con smartphones a través de Android Auto y Apple CarPlay, Radio AM/FM, función Audio Streaming, Bluetooth para hasta 2 celulares simultaneamente y entrada USB",pantalla_multimedia,8,reglas
CHEVROLET,"Chevrolet MyLink, con pantalla LCD sensible al tacto de 8"", integración con smartphones, BT, Apple CarPlay y Android Auto, Radio AM/FM, Función Audio Streaming",carplay_android,,reglas
CHEVROLET,"Chevrolet MyLink, con pantalla LCD sensible al tacto de 8"", integración con smartphones, BT, Apple CarPlay y Android Auto, Radio AM/FM, Función Audio Streaming",pantalla_multimedia,8,reglas
CHEVROLET,"Chevrolet MyLink, con pantalla LCD táctil de 11"", integración con smartphones a través de Android Auto y Apple CarPlay, Radio AM/FM, función Audio Streaming, Bluetooth y entrada USB",carplay_android,,reglas
CHEVROLET,"Chevrolet MyLink, con pantalla LCD táctil de 11"", integración con smartphones a través de Android Auto y Apple CarPlay, Radio AM/FM, función Audio Streaming, Bluetooth y entrada USB",pantalla_multimedia,11,reglas
CHEVROLET,"Chevrolet MyLink, con pantalla táctil LCD de 11"", integración de teléfono inteligente a través de Android Auto y Apple Carplay, radio AM/FM, entrada USB, función de transmisión de audio, conexión celular Bluetooth y configuraciones del vehículo",carplay_android,,reglas
CHEVROLET,"Chevrolet MyLink, con pantalla táctil LCD de 11"", integración de teléfono inteligente a través de Android Auto y Apple Carplay, radio AM/FM, entrada USB, función de transmisión de audio, conexión celular Bluetooth y configuraciones del vehículo",pantalla_multimedia,11,reglas
CHEVROLET,Cierre centralizado de Caja,,,ninguna
CHEVROLET,Cierre y apertura eléctrica de baúl ,porton_electrico,,gemini
CHEVROLET,Cilindrada,,,ninguna
CHEVROLET,"Cilindrada (L) 1,498",,,ninguna
CHEVROLET,Cilindrada (cm3),,,ninguna
CHEVROLET,Cilindrada (cm3) 2800,,,ninguna
CHEVROLET,Cinturón de seguridad de 3 puntas,,,ninguna
CHEVROLET,Cinturón de seguridad de 3 puntos,,,ninguna
CHEVROLET,Cinturón de seguridad de 3 puntos ,,,ninguna
CHEVROLET,Cinturón de seguridad de conductor con ajuste de altura,,,ninguna
CHEVROLET,Cinturón de seguridad del conductor con regulación en altura,,,ninguna
CHEVROLET,Cinturón de seguridad trasero de 3 puntos,,,ninguna
CHEVROLET,Cinturón de seguridad traseros laterales y central de 3 puntos,,,ninguna
CHEVROLET,Climatizador Automático,climatizador_automatico,,reglas
CHEVROLET,Climatizador automático,climatizador_automatico,,reglas
CHEVROLET,Climatizador automático dual,climatizador_automatico,,reglas
CHEVROLET,Climatizador digital,climatizador_automatico,,reglas
CHEVROLET,Cobertor de baúl,,,ninguna
CHEVROLET,Cobertor de motor inferior del vehículo ,,,ninguna
CHEVROLET,Coeficiente de penetración aerodinámica (Cx),,,ninguna
CHEVROLET,Color Blanco - Summit White,,,ninguna
CHEVROLET,Color Gris - Dark Shadow Met,,,ninguna
CHEVROLET,Color Gris Claro - Sharkskin,,,ninguna
CHEVROLET,Color Negro - Black Meet Kettle,,,ninguna
CHEVROLET,Columna de dirección ajustable en altura y profundidad,,,ninguna
CHEVROLET,"Columna de dirección colapsable en caso de impacto, con absorción ",,,ninguna
CHEVROLET,Columna de dirección con absorción y colapsable en caso de impacto,,,ninguna
CHEVROLET,Columna de dirección eléctrica regulable en altura y profundidad,,,ninguna
CHEVROLET,Columna de dirección regulable en altura,,,ninguna
CHEVROLET,Columna de dirección regulable en altura y profundidad,,,ninguna
CHEVROLET,Combustible,,,ninguna
CHEVROLET,Combustible Diesel,,,ninguna
CHEVROLET,Compatibilidad con Apple Car Play / Android Auto cableada,carplay_android,,reglas
CHEVROLET,Computadora a bordo,,,ninguna
CHEVROLET,Computadora de a bordo,,,ninguna
CHEVROLET,Con 2ª fila de asientos rebatida (litros),,,ninguna
CHEVROLET,Conector tipo CCS2 ; Recarga AC: 3.3 Kw DC: 24.6 Kw ,,,ninguna
CHEVROLET,Consumo Extraurbano (L/100km),,,ninguna
CHEVROLET,Consumo Mixto (L/100km),,,ninguna
CHEVROLET,Consumo Urbano (L/100km),,,ninguna
CHEVROLET,Consumo promedio (NEDC) 5.3 L/100 km,,,ninguna
CHEVROLET,Control Crucero,crucero,,reglas
CHEVROLET,Control Electrónico de Estabilidad,control_estabilidad,,reglas
CHEVROLET,Control crucero,crucero,,reglas
CHEVROLET,Control crucero adaptativo,crucero_adaptativo,,reglas
CHEVROLET,Control de Descenso,,,ninguna
CHEVROLET,Control de Estabilidad Eléctirco (ESC),control_estabilidad,,reglas
CHEVROLET,Control de Estabilidad Eléctrico (ESC),control_estabilidad,,reglas
CHEVROLET,Control de Estabilidad Eléctrico (ESC) ,control_estabilidad,,reglas
CHEVROLET,Control de Estabilidad de Trailer,control_estabilidad,,reglas
CHEVROLET,Control de Tracción TCM,,,ninguna
CHEVROLET,Control de descenso,,,ninguna
CHEVROLET,Control de estabilidad y tracción,control_estabilidad,,reglas
CHEVROLET,Control de freno integrado de tráiler,,,ninguna
CHEVROLET,Control de tracción,,,ninguna
CHEVROLET,Control de tracción (TCS),,,ninguna
CHEVROLET,Control de velocidad crucero,crucero,,reglas
CHEVROLET,Control de velocidad crucero adaptativo,crucero_adaptativo,,reglas
CHEVROLET,Control de velocidad crucero adaptativo ,crucero_adaptativo,,reglas
CHEVROLET,Control de velocidad crucero con limitador de velocidad,crucero,,reglas
CHEVROLET,Control de velocidad crucero con limitador de velocidad,limitador_velocidad,,reglas
CHEVROLET,Control electrónico de estabilidad y tracción (ESC),control_estabilidad,,reglas
CHEVROLET,Control electrónico de establidad (ESC),control_estabilidad,,reglas
CHEVROLET,Cordset de carga lenta incluído,,,ninguna
CHEVROLET,Cámara de visión 360°,camara_360,,reglas
CHEVROLET,Cámara de visión trasera,camara_trasera,,reglas
CHEVROLET,Cámara de visión trasera HD,camara_trasera,,reglas
CHEVROLET,Cámara trasera HD,camara_trasera,,reglas
CHEVROLET,DIMENSIONES,,,ninguna
CHEVROLET,DRL,luces_diurnas,,reglas
CHEVROLET,DRL Halógeno,luces_diurnas,,reglas
CHEVROLET,DRL LED,luces_diurnas,,reglas
CHEVROLET,"Delantera ""McPherson""",,,ninguna
CHEVROLET,Delanteros A disco,,,ninguna
CHEVROLET,Desbloqueo de puertas automático en caso de colisión,,,ninguna
CHEVROLET,Desempañador eléctrico trasero,,,ninguna
CHEVROLET,Desempañador trasero,,,ninguna
CHEVROLET,Desempañador vidrio trasero,,,ninguna
CHEVROLET,Desempañador vidrio trasero ,,,ninguna
CHEVROLET,Despeje del suelo (mm),,,ninguna
CHEVROLET,Detalles exteriores de molduras cromadas,,,ninguna
CHEVROLET,Detección peatones a bajas velocidades,,,ninguna
CHEVROLET,Detector de peatones delantero,,,ninguna
CHEVROLET,Detector de peatones delantero y trasero,,,ninguna
CHEVROLET,Detector delantero de peatones,,,ninguna
CHEVROLET,Diferencial trasero autoblocante automático,,,ninguna
CHEVROLET,Dirección,,,ninguna
CHEVROLET,Dirección asistida eléctrica,,,ninguna
CHEVROLET,Dirección asistida eléctronicamente,,,ninguna
CHEVROLET,Dirección progresiva eléctrica,,,ninguna
CHEVROLET,Diseño exterior exclusivo RS,,,ninguna
CHEVROLET,"Display 3,5""",pantalla_multimedia,3.5,reglas
CHEVROLET,"Display 8""",pantalla_multimedia,8,reglas
CHEVROLET,"Display de Instrumentos de 8""",tablero_digital,8,gemini
CHEVROLET,Disposición,,,ninguna
CHEVROLET,Disposición Longitudinal,,,ninguna
CHEVROLET,Distancia entre ejes (mm),,,ninguna
CHEVROLET,Distancia entre ejes (mm) 2.800,,,ninguna
CHEVROLET,Doble entrada USB,,,ninguna
CHEVROLET,ECS (Control Electrónico de Estabilidad)+TCM(Control de Tracción)+ HSA (Asistente de Salida en Pendiente)+ HDC(Control de Descenso en Pendiente) + TSC (Control de Estabilidad de Tráiler),arranque_pendiente,,reglas
CHEVROLET,EXTERIOR,,,ninguna
CHEVROLET,Easy Entry,,,ninguna
CHEVROLET,Easy Entry - Apertura de puertas con sistema de aproximación de llave,llave_presencia,,gemini
CHEVROLET,Easy Entry - Apertura de puertas con sistema de aproximación de llave ,llave_presencia,,gemini
CHEVROLET,Easy Entry - Apertura de puertas y alarma antirobo a través de sensor de presencia,llave_presencia,,gemini
CHEVROLET,Easy Entry- Apertura de puertas a través de sensor de presencia,llave_presencia,,gemini
CHEVROLET,Easy Park - Sistema de Estacionamento Semi-Automático,estacionamiento_asistido,,gemini
CHEVROLET,Easy Park - Sistema de Estacionamiento Semi-Automático,estacionamiento_asistido,,gemini
CHEVROLET,Easy Start,arranque_boton,,gemini
CHEVROLET,Easy Start - Arranque por botón,arranque_boton,,reglas
CHEVROLET,EasyEntry - Acceo por proximidad de llave,llave_presencia,,gemini
CHEVROLET,EasyStart - Encendido por botón,arranque_boton,,reglas
CHEVROLET,"EcoTec3 5.3L V8, DFM Inyección Directa, Apertura de Válvulas Variable (VVT)",,,ninguna
CHEVROLET,Emblema Chevrolet negro en parrilla y compuerta de baúl,,,ninguna
CHEVROLET,Encendido automático de faros con sensor crepuscular,luces_automaticas,,reglas
CHEVROLET,Encendido automático de las luces,luces_automaticas,,gemini
CHEVROLET,Encendido automático de luces altas,luces_altas_automaticas,,gemini
CHEVROLET,Encendido automático de luces con sensor crepuscular,luces_automaticas,,reglas
CHEVROLET,Encendido de luces automático con sensor crepuscular,luces_automaticas,,reglas
CHEVROLET,Encendido de luces automático con sensor crepuscular ,luces_automaticas,,reglas
CHEVROLET,Encendido de motor sin llave,llave_presencia,,gemini
CHEVROLET,Encendido de motor sin llave,arranque_boton,,gemini
CHEVROLET,Encendido inteligente sin botón,llave_presencia,,gemini
CHEVROLET,Encendido inteligente sin botón,arranque_boton,,gemini
CHEVROLET,Encendido remoto,conectividad_remota,,gemini
CHEVROLET,Encendido remoto a través de app My Chevrolet,conectividad_remota,,reglas
CHEVROLET,Encendido remoto a través de la app MyChevrolet,conectividad_remota,,reglas
CHEVROLET,Encendido remoto de motor,,,ninguna
CHEVROLET,Encendido remoto desde la app MyChevrolet,conectividad_remota,,reglas
CHEVROLET,Entrada USB Tipo A y C,,,ninguna
CHEVROLET,Espejo retrovisor central con anti-encandilamiento manual; con USB ,,,manual
CHEVROLET,Espejo retrovisor fotocromático con display de video,espejo_electrocromico,,reglas
CHEVROLET,Espejo retrovisor fotocromático con display de video,pantalla_multimedia,,reglas
CHEVROLET,Espejo retrovisor interior fotocromático,espejo_electrocromico,,reglas
CHEVROLET,Espejo retrovisor interno fotocromatico,espejo_electrocromico,,reglas
CHEVROLET,Espejos eléctricos rebatibles manualmente color carrocería,espejos_rebatibles,,reglas
CHEVROLET,"Espejos exteriores con control eléctrico, luz de giro incorporada, cromados",,,ninguna
CHEVROLET,Espejos exteriores de ajuste eléctrico,,,ninguna
CHEVROLET,Espejos externos color carroceria electricos rebatibles manualmente,espejos_rebatibles,,reglas
CHEVROLET,Espejos externos color carrocería eléctricos rebatibles manualmente,espejos_rebatibles,,reglas
CHEVROLET,"Espejos externos color carrocería eléctricos, rebatilbes eléctricamente, calefaccionados, con",espejos_rebatibles,,gemini
CHEVROLET,Espejos externos color negro eléctricos rebatibles manualmente,espejos_rebatibles,,reglas
CHEVROLET,"Espejos retrovisores exteriores con control eléctrico, rebatible eléctrico, cromados , con indicador de luz de giro",espejos_rebatibles,,reglas
CHEVROLET,"Espejos retrovisores exteriores con control eléctrico, rebatibles manualmente, color negro High Gloss Z71/Trail Boss, con indicador de luz de giro",espejos_rebatibles,,reglas
CHEVROLET,"Espejos retrovisores exteriores con control eléctrico, rebatibles manualmente, color negro, con indicador de luz de giro",espejos_rebatibles,,reglas
CHEVROLET,Espejos retrovisores exteriores tonalidad negro high gloss,,,ninguna
CHEVROLET,Espejos retrovisores externos eléctricos color Carrocería,,,ninguna
CHEVROLET,Espejos retrovisores externos eléctricos color Carrocería con luz de giro,,,ninguna
CHEVROLET,Estribos Negros,,,ninguna
CHEVROLET,Estribos Negros Z71/Trail Boss,,,ninguna
CHEVROLET,Estribos eléctricos,,,ninguna
CHEVROLET,Estribos laterales,,,ninguna
CHEVROLET,Estribos traseros en Paragolpes CornerStep,,,ninguna
CHEVROLET,Faros DRL LED,luces_diurnas,,reglas
CHEVROLET,Faros LED,faros_led,,reglas
CHEVROLET,Faros Posteriores LED,,,ninguna
CHEVROLET,Faros Traseros Halógenos,,,ninguna
CHEVROLET,Faros Traseros LED,,,ninguna
CHEVROLET,Faros Traseros LED ,,,ninguna
CHEVROLET,Faros antiniebla delantero,faros_antiniebla,,reglas
CHEVROLET,Faros con regulación en altura manual,,,ninguna
CHEVROLET,Faros delanteros Anti-Niebla,faros_antiniebla,,gemini
CHEVROLET,Faros delanteros LED,faros_led,,reglas
CHEVROLET,Faros delanteros LED + DRL LED,faros_led,,reglas
CHEVROLET,Faros delanteros LED + DRL LED,luces_diurnas,,reglas
CHEVROLET,"Faros delanteros LED tipo proyector, con regulación en altura manual ",faros_led,,reglas
CHEVROLET,Faros delanteros antiniebla,faros_antiniebla,,reglas
CHEVROLET,Faros delanteros con regulación de altura manual,,,ninguna
CHEVROLET,Faros delanteros de halógeno,,,ninguna
CHEVROLET,Faros delanteros halógenos,,,ninguna
CHEVROLET,Faros delanteros tipo LED tipo proyector,faros_led,,reglas
CHEVROLET,Faros traseros LED,,,manual
CHEVROLET,Filtro Anti-Polen,,,ninguna
CHEVROLET,Filtro antipolen ,,,ninguna
CHEVROLET,Filtro de aire de cabina (Filtro de polen),,,ninguna
CHEVROLET,Follow Me Home,,,ninguna
CHEVROLET,Frenado Autónomo de Emergencia (AEB),frenado_autonomo,,reglas
CHEVROLET,Frenado Autónomo de Emergencia a bajas velocidades,frenado_autonomo,,reglas
CHEVROLET,Frenado autónomo a bajas velocidades,frenado_autonomo,,reglas
CHEVROLET,Frenado autónomo de emergencia (AEB) ,frenado_autonomo,,reglas
CHEVROLET,Frenado autónomo de emergencia a bajas vel.,frenado_autonomo,,reglas
CHEVROLET,Frenado autónomo de emergencia a bajas velocidades,frenado_autonomo,,reglas
CHEVROLET,Freno con sistema ABS en las 4 ruedas,,,ninguna
CHEVROLET,Freno de mano cromado,,,ninguna
CHEVROLET,"Freno de mano electrónico (EPB), con función ""Auto Hold"" ",freno_mano_electrico,,reglas
CHEVROLET,Freno de mano negro,,,ninguna
CHEVROLET,"Frenos ABS, sistema de distribución de frenado (""EBD"")",,,ninguna
CHEVROLET,"Frenos ABS, sistema de distribución de frenado (EBD), asistente hidráulico de frenado (HBD) ",,,ninguna
CHEVROLET,Frenos de disco en las 4 ruedas con rotores Duralife,,,ninguna
CHEVROLET,Frenos delanteros,,,ninguna
CHEVROLET,"Frenos delanteros a disco, traseros a tambor, ABS",,,ninguna
CHEVROLET,Frenos traseros,,,ninguna
CHEVROLET,Gancho de remolque cromado,,,ninguna
CHEVROLET,Gancho de remolque delantero,,,ninguna
CHEVROLET,Gancho de remolque en parte delantera,,,ninguna
CHEVROLET,Gancho de remolque rojo,,,ninguna
CHEVROLET,Gancho de remolque trasero,,,ninguna
CHEVROLET,Ganchos de carga para Pick Up (12 puntos),,,ninguna
CHEVROLET,Google Built-in integrado con aplicaciones de vehículo,,,ninguna
CHEVROLET,"Gris ""Nube""",,,ninguna
CHEVROLET,"Gris ""Sharkskin""",,,ninguna
CHEVROLET,"Gris - ""Ambar""",,,ninguna
CHEVROLET,"Gris - ""Intenso"" ",,,ninguna
CHEVROLET,"Gris - ""Rush Met""",,,ninguna
CHEVROLET,"Gris - ""Sharkskin""",,,ninguna
CHEVROLET,"Gris - ""Urbano""",,,ninguna
CHEVROLET,Gris Ambar,,,ninguna
CHEVROLET,Gris DARK SHADOW,,,ninguna
CHEVROLET,Gris SHARKSKIN,,,ninguna
CHEVROLET,Gris Urbano – “Barb Wire”,,,ninguna
CHEVROLET,Guías de estacionameinto,,,ninguna
CHEVROLET,Guías para remolque,,,ninguna
CHEVROLET,INTERIOR,,,ninguna
CHEVROLET,ISOFIX,isofix,,reglas
CHEVROLET,Iluminación en caja de carga,,,ninguna
CHEVROLET,Indicador de aceite,,,ninguna
CHEVROLET,Indicador de cambio de marchas,,,ninguna
CHEVROLET,Indicador de cinturón de seguridad en asiento de pasajero,,,ninguna
CHEVROLET,Indicador de cinturón de seguridad en asientos traseros,,,ninguna
CHEVROLET,Indicador de distancia de vehículo de enfrente,,,ninguna
CHEVROLET,Indicador de distancia de vehículo de frente,,,ninguna
CHEVROLET,Indicador de distancia frontal ,,,ninguna
CHEVROLET,Indicador de distancia próxima,,,ninguna
CHEVROLET,Indicador de nivel de vida de aceite,,,ninguna
CHEVROLET,Indicador de presión de neumáticos,presion_neumaticos,,reglas
CHEVROLET,Indicador de punto ciego,punto_ciego,,reglas
CHEVROLET,Indicador de uso cinturón de seguridad,,,ninguna
CHEVROLET,Indicador de vida de aceite,,,ninguna
CHEVROLET,Indicador de vida del aceite,,,ninguna
CHEVROLET,Indicador del nivel de aceite,,,ninguna
CHEVROLET,"Infotainment de 11""",pantalla_multimedia,11,gemini
CHEVROLET,Injeccion eletronica de combustible,,,ninguna
CHEVROLET,Inmobilizador,,,ninguna
CHEVROLET,Inmovilizador de motor,,,ninguna
CHEVROLET,Insignia Chevrolet color negro exclusivo RS,,,ninguna
CHEVROLET,Insignia Chevrolet en Negro exclusivo RS,,,ninguna
CHEVROLET,Interior en color Jet Black,,,ninguna
CHEVROLET,Interior en color Jet Black y Captain Blue,,,ninguna
CHEVROLET,Inyección electrónica de combustible,,,ninguna
CHEVROLET,Inyección eléctrica de combustible,,,ninguna
CHEVROLET,Kit de herramientas para emergencia,,,ninguna
CHEVROLET,Lampara interior de baúl,,,ninguna
CHEVROLET,Lampara interior de baúl ,,,ninguna
CHEVROLET,Lampara interior delantera de techo,,,ninguna
CHEVROLET,Lampara interior delantera de techo dual,,,ninguna
CHEVROLET,"Lampara interior delantera de techo, con compartimento para anteojos ",,,ninguna
CHEVROLET,Lampara interior trasera de techo ,,,ninguna
CHEVROLET,Largo (mm),,,ninguna
CHEVROLET,Largo Total (mm),,,ninguna
CHEVROLET,Largo total (mm),,,ninguna
CHEVROLET,Levantavidrios con Express Up/Down,,,ninguna
CHEVROLET,Levantavidrios de conductor con express Up/Down,,,ninguna
CHEVROLET,Levantavidrios de pasajero con express Down,,,ninguna
CHEVROLET,Levantavidrios de pasajero con express Up/Down,,,ninguna
CHEVROLET,Levantavidrios eléctricos delanteros y traseros,,,ninguna
CHEVROLET,Levantavidrios traseros con express Down,,,ninguna
CHEVROLET,Limitador de Velocidad,limitador_velocidad,,reglas
CHEVROLET,Limitador de velocidad,limitador_velocidad,,reglas
CHEVROLET,Limitador de velocidad manual,limitador_velocidad,,reglas
CHEVROLET,Limpia parabrisas con sensor de lluvia,sensor_lluvia,,reglas
CHEVROLET,"Limpia parabrisas delantero con sensor de lluvia, ajuste automático de intensidad ",sensor_lluvia,,reglas
CHEVROLET,"Limpiaparabrisas con Sensor de lluvia, con ajuste automático de intensidad",sensor_lluvia,,reglas
CHEVROLET,Limpiaparabrisas con sensor de lluvia y ajuste automático de intensidad,sensor_lluvia,,reglas
CHEVROLET,Llanta de auxilio de Acero 17'',llantas,17,reglas
CHEVROLET,"Llanta repuesto de acero de 16""",llantas,16,reglas
CHEVROLET,"Llantas de Acero de 16""",llantas,16,reglas
CHEVROLET,"Llantas de Aleación de 18""",llantas_aleacion,,reglas
CHEVROLET,"Llantas de Aleación de 18""",llantas,18,reglas
CHEVROLET,"Llantas de Auxilio de Acero 16""",llantas,16,reglas
CHEVROLET,"Llantas de acero 15"" High Vent",llantas,15,reglas
CHEVROLET,"Llantas de acero 17"" (High Vent)",llantas,17,reglas
CHEVROLET,"Llantas de acero High Vent 15""",llantas,15,reglas
CHEVROLET,"Llantas de acero High Vent 17""",llantas,17,reglas
CHEVROLET,"Llantas de aleación 16""",llantas_aleacion,,reglas
CHEVROLET,"Llantas de aleación 16""",llantas,16,reglas
CHEVROLET,"Llantas de aleación 16"" exclusivas RS",llantas_aleacion,,reglas
CHEVROLET,"Llantas de aleación 16"" exclusivas RS",llantas,16,reglas
CHEVROLET,"Llantas de aleación 17""",llantas_aleacion,,reglas
CHEVROLET,"Llantas de aleación 17""",llantas,17,reglas
CHEVROLET,"Llantas de aleación De aleación de 18""",llantas_aleacion,,reglas
CHEVROLET,"Llantas de aleación De aleación de 18""",llantas,18,reglas
CHEVROLET,"Llantas de aleación de 20"" diseño High Country",llantas_aleacion,,reglas
CHEVROLET,"Llantas de aleación de 20"" diseño High Country",llantas,20,reglas
CHEVROLET,"Llantas de aleación de 20"" diseño Z71",llantas_aleacion,,reglas
CHEVROLET,"Llantas de aleación de 20"" diseño Z71",llantas,20,reglas
CHEVROLET,"Llantas de aleación oscurecidas 17""",llantas_aleacion,,reglas
CHEVROLET,"Llantas de aleación oscurecidas 17""",llantas,17,reglas
CHEVROLET,"Llantas de aleación oscurecidas 17"" diseño RS",llantas_aleacion,,reglas
CHEVROLET,"Llantas de aleación oscurecidas 17"" diseño RS",llantas,17,reglas
CHEVROLET,"Llantas de aluminio 17""",llantas,17,reglas
CHEVROLET,"Llantas de aluminio 17"" diseño exclusivo RS",llantas,17,reglas
CHEVROLET,"Llantas de aluminio 17"" oscurecidas",llantas,17,reglas
CHEVROLET,Llantas de aluminio 17'',llantas,17,reglas
CHEVROLET,"Llave con presencia, arranque por botón electrónico",arranque_boton,,reglas
CHEVROLET,Llave con sensor de aproximación,llave_presencia,,gemini
CHEVROLET,Llave inteligente,llave_presencia,,reglas
CHEVROLET,Lona Marítima,,,ninguna
CHEVROLET,Lona de tela marítima,,,ninguna
CHEVROLET,Longitud Total (mm),,,ninguna
CHEVROLET,Longitud Total (mm) 4.745,,,ninguna
CHEVROLET,Luces Altas Automáticas,luces_altas_automaticas,,reglas
CHEVROLET,Luces LED de marcha diurna (DRL),luces_diurnas,,reglas
CHEVROLET,Luces altas automáticas,luces_altas_automaticas,,reglas
CHEVROLET,Luces altas automáticas ,luces_altas_automaticas,,reglas
CHEVROLET,Luces con regulación en altura manual,,,ninguna
CHEVROLET,Luces con sensor crepuscular,luces_automaticas,,reglas
CHEVROLET,"Luces con sistema ""Follow Me Home""",,,ninguna
CHEVROLET,Luces de Freno,,,ninguna
CHEVROLET,Luces delanteras Intellibeam,,,ninguna
CHEVROLET,Luces delanteras LED,faros_led,,reglas
CHEVROLET,Luces delanteras automáticas,luces_automaticas,,gemini
CHEVROLET,Luces delanteras con Proyectores LED,faros_led,,gemini
CHEVROLET,Luces delanteras de halógeno,,,ninguna
CHEVROLET,Luces diurnas DRL LED,luces_diurnas,,reglas
CHEVROLET,Luces indicadoras de dirección laterales,,,ninguna
CHEVROLET,Luces traseras LED,,,ninguna
CHEVROLET,Luz LED de cortesía frontal interna en techo,,,ninguna
CHEVROLET,Luz LED de cortesía posterior en techo (2 en laterales),,,ninguna
CHEVROLET,Luz anti-niebla trasera,,,ninguna
CHEVROLET,Luz de cortesía en baúl,,,ninguna
CHEVROLET,Luz de stop,,,ninguna
CHEVROLET,Luz interior central,,,ninguna
CHEVROLET,Luz interior cortesía,,,ninguna
CHEVROLET,Luz interior de techo trasera,,,ninguna
CHEVROLET,Luz interna de caja de carga,,,ninguna
CHEVROLET,Luz interna de techo delantera,,,ninguna
CHEVROLET,Luz interna de techo delantera dual,,,ninguna
CHEVROLET,Luz interna de techo trasera,,,ninguna
CHEVROLET,Líneas guía de camara de reversa,,,ninguna
CHEVROLET,MULTIMEDIA,pantalla_multimedia,,reglas
CHEVROLET,Manijas exteriores color carrocería,,,ninguna
CHEVROLET,Manijas exteriores color carrocería con detalle cromado,,,ninguna
CHEVROLET,Manijas exteriores cromadas,,,ninguna
CHEVROLET,Manijas exteriores de las puertas en color del vehículo,,,ninguna
CHEVROLET,Manijas exteriores en tonalidad negra,,,ninguna
CHEVROLET,Manijas exteriores negras,,,ninguna
CHEVROLET,Manijas exteriores negro High Gloss Z71 / Trail Boss,,,ninguna
CHEVROLET,Manijas externas color carroceria,,,ninguna
CHEVROLET,Manijas externas color carroceria con detalle cromado,,,ninguna
CHEVROLET,Manijas externas color carrocería,,,ninguna
CHEVROLET,Manijas externas color carrocería con detalles cromados,,,ninguna
CHEVROLET,Manijas externas color carrocería ,,,ninguna
CHEVROLET,Manijas interiores de las puertas con detalle cromado,,,ninguna
CHEVROLET,Manijas interiores delanteras,,,ninguna
CHEVROLET,Manijas interiores traseras,,,ninguna
CHEVROLET,Memoria de asientos,,,ninguna
CHEVROLET,Moldura lateral negra,,,ninguna
CHEVROLET,Moldura vidrios laterales cromada,,,ninguna
CHEVROLET,"Monitoreo de presión de neumáticos, indicador (TPMS) ",presion_neumaticos,,reglas
CHEVROLET,Motor,,,ninguna
CHEVROLET,Motor 1.8 L,,,ninguna
CHEVROLET,Motor 2.8 Turbodiesel,,,ninguna
CHEVROLET,Motor Tipo,,,ninguna
CHEVROLET,N.º de Cilindros,,,ninguna
CHEVROLET,N.º de Cilindros 4,,,ninguna
CHEVROLET,N.º de Válvulas,,,ninguna
CHEVROLET,N.º de Válvulas 16,,,ninguna
CHEVROLET,"Negro ""Black Meet Kettle""",,,ninguna
CHEVROLET,"Negro ""Galaxia""",,,ninguna
CHEVROLET,Negro (Jet Black),,,ninguna
CHEVROLET,"Negro - ""Black Meet Kettle""",,,ninguna
CHEVROLET,Negro BLACK MEET KETTLE,,,ninguna
CHEVROLET,Negro – “Black Meet Kettle”,,,ninguna
CHEVROLET,Neumático Auxilio 245/70 R16,,,manual
CHEVROLET,Neumático de Auxilio,,,manual
CHEVROLET,Neumático de Auxilio 245/70,,,manual
CHEVROLET,Neumático de Auxilio 255/80 R17,,,manual
CHEVROLET,Neumáticos,,,ninguna
CHEVROLET,Neumáticos 235/55R18,llantas,18,gemini
CHEVROLET,Neumáticos 245/70 R16,llantas,16,gemini
CHEVROLET,Neumáticos 265/60,,,ninguna
CHEVROLET,Neumáticos 265/60 R18,llantas,18,gemini
CHEVROLET,Neumáticos 275/60 R20,llantas,20,gemini
CHEVROLET,N° Cilindros,,,ninguna
CHEVROLET,Número de cilindros,,,ninguna
CHEVROLET,Número de cilindros 4 en línea,,,ninguna
CHEVROLET,OnStar,conectividad_remota,,reglas
CHEVROLET,Onstar,conectividad_remota,,reglas
CHEVROLET,Onstar + wifi,conectividad_remota,,reglas
CHEVROLET,"Onstar, conectividad Wi-Fi",conectividad_remota,,reglas
CHEVROLET,"Panel de Instrumentos de 8,8"" ",tablero_digital,8.8,reglas
CHEVROLET,"Panel de instrumentos 3,5"" digital",,,ninguna
CHEVROLET,"Panel de instrumentos 8"" digital",tablero_digital,8,reglas
CHEVROLET,"Panel de instrumentos digital de 8,8""",tablero_digital,8.8,reglas
CHEVROLET,"Pantalla LCD sensible al tacto de 15,6"",",pantalla_multimedia,15.6,reglas
CHEVROLET,"Pantalla de Entretenimiento de 11""",pantalla_multimedia,11,reglas
CHEVROLET,Paragolpes color carrocería,,,ninguna
CHEVROLET,Paragolpes delantero color carrocería,,,ninguna
CHEVROLET,Paragolpes delantero color carrocería ,,,ninguna
CHEVROLET,Paragolpes delantero y parrilla en tonalidad negra,,,ninguna
CHEVROLET,Paragolpes delantero y trasero color carrocería,,,ninguna
CHEVROLET,Paragolpes delantero y trasero en color carrocería,,,ninguna
CHEVROLET,Paragolpes trasero color carrocería,,,ninguna
CHEVROLET,Paragolpes trasero color carrocería ,,,ninguna
CHEVROLET,Paragolpes trasero cromado,,,ninguna
CHEVROLET,Paragolpes trasero en tonalidad negra,,,ninguna
CHEVROLET,Paragolpes trasero negro,,,ninguna
CHEVROLET,Parasol conductor + pasajero con espejo,,,ninguna
CHEVROLET,Parasol conductor y pasajero con espejos y luz de cortesía,,,ninguna
CHEVROLET,Parasol para conductor con espejo,,,ninguna
CHEVROLET,Parasol para conductor y acompañante con espejo,,,ninguna
CHEVROLET,Parasol para conductor y acompañante con espejo con luz ,,,ninguna
CHEVROLET,"Parasol para conductor y acompañante con espejo, con iluminación",,,ninguna
CHEVROLET,Parasol para conductor y pasajero con espejo,,,ninguna
CHEVROLET,Parasol para pasajero y conductor con espejo,,,ninguna
CHEVROLET,Parasoles con espejo y luz,,,ninguna
CHEVROLET,Parilla frontal High Gloss exclusivo RS,,,ninguna
CHEVROLET,Parrilla activa de ventilación,,,ninguna
CHEVROLET,Parrilla cromada,,,ninguna
CHEVROLET,Parrilla delantera Black High Gloss exclusivo RS,,,ninguna
CHEVROLET,Parrilla delantera cromada,,,ninguna
CHEVROLET,Parrilla delantera negra High Gloss ,,,ninguna
CHEVROLET,Parrilla delantera negra high gloss,,,ninguna
CHEVROLET,Parrilla delantera negro cromado Black Chrome exclusivo RS,,,ninguna
CHEVROLET,Parrilla frontal con detalles cromados,,,ninguna
CHEVROLET,Parrilla frontal con detalles cromados oscurecidos,,,ninguna
CHEVROLET,Parrilla frontal en negro,,,ninguna
CHEVROLET,Parrilla negra oscurecida Black High Gloss exclusivo RS,,,ninguna
CHEVROLET,Peso Bruto Vehícular (Kg) 2.270,,,ninguna
CHEVROLET,Peso autorizado para remolque - Remolque con frenos (kg),,,ninguna
CHEVROLET,Peso bruto combinado (kg),,,ninguna
CHEVROLET,Peso bruto total combinado (Con remolque con frenos) (kg),,,ninguna
CHEVROLET,Peso bruto vehicular (Kg) (GVWR),,,ninguna
CHEVROLET,Peso de carga (Kg),,,ninguna
CHEVROLET,Peso en orden de marcha (Kg),,,ninguna
CHEVROLET,Peso en orden de marcha (kg),,,ninguna
CHEVROLET,"Plata - ""Sharkskin""",,,ninguna
CHEVROLET,Plata – “Sharkskin”,,,ninguna
CHEVROLET,Porta revistas en la parte trasera de los asientos delanteros,,,ninguna
CHEVROLET,Porta revistas en parte trasera de asiento de acompañante,,,ninguna
CHEVROLET,Portarevistas en asiento del pasajero,,,ninguna
CHEVROLET,Portón Trasero Multi-Flex - 6 Configuraciones,,,manual
CHEVROLET,Portón trasero con bloqueo a distancia,,,ninguna
CHEVROLET,Portón trasero eléctrico (apertura y cierre),porton_electrico,,reglas
CHEVROLET,Portón trasero eléctrico (apertura),porton_electrico,,reglas
CHEVROLET,Potencia,,,ninguna
CHEVROLET,Potencia Máxima,,,ninguna
CHEVROLET,Potencia Máxima Combinada 204 cv,,,ninguna
CHEVROLET,Potencia Máxima Líquida,,,ninguna
CHEVROLET,Potencia Máxima Líquida (ABNT NBR 5484/ISO 1585 Líquida o SAE bruta),,,ninguna
CHEVROLET,Potencia máxima (cv @ rpm),,,ninguna
CHEVROLET,Potencia máxima (cv @ rpm) 207 cv (152 kW / 204 HP) @ 3200 rpm,,,ninguna
CHEVROLET,Proyección Inalámbrica,carplay_inalambrico,,gemini
CHEVROLET,Proyección con cable,,,ninguna
CHEVROLET,Proyección de Teléfono Inalámbrica,carplay_inalambrico,,gemini
CHEVROLET,Proyección de teléfono inalámbrica,carplay_inalambrico,,gemini
CHEVROLET,Proyección inalámbrica,carplay_inalambrico,,gemini
CHEVROLET,Proyeccón inalámbrica,carplay_inalambrico,,gemini
CHEVROLET,Puerto USB C (carga) en consola central entre los asientos delanteros,,,ninguna
CHEVROLET,Puerto de carga USB Tipo A y C Traseros,usb_traseros,,reglas
CHEVROLET,Puerto de carga USB traseros,usb_traseros,,reglas
CHEVROLET,Puerto de carga e información USB delanteros,,,ninguna
CHEVROLET,Puerto de carga tipo 2 (EURO TYPE CCS2) 6.6 Kw AC,,,ninguna
CHEVROLET,Puertos USB delanteros y traseros,usb_traseros,,reglas
CHEVROLET,Puertos USB para plazas traseras (x2),usb_traseros,,reglas
CHEVROLET,Puertos duales USB + USB-C traseros y delanteros,usb_traseros,,reglas
CHEVROLET,Rack de Techo en color negro,barras_techo,,reglas
CHEVROLET,Rack de Techo en color plata,barras_techo,,reglas
CHEVROLET,Rack de techo color negro,barras_techo,,reglas
CHEVROLET,Rack de techo color plata,barras_techo,,reglas
CHEVROLET,"Recordatorio de Uso cinturón de seguridad, asientos traseros ",,,ninguna
CHEVROLET,Regulación de Volante en profundidad y altura,,,ninguna
CHEVROLET,Regulación de butaca del conductor eléctrica en 6 posiciones,asiento_electrico,,gemini
CHEVROLET,Regulación de butaca del conductor manual en 6 posiciones,,,ninguna
CHEVROLET,Regulación de butaca pasajero manual en 4 posiciones,,,ninguna
CHEVROLET,Regulación interna de altura de los faros,,,ninguna
CHEVROLET,Regulación manual de altura de faros delanteros,,,ninguna
CHEVROLET,Relación de compresión (ratio),,,ninguna
CHEVROLET,Relación de compresión (ratio) 15.5 : 1,,,ninguna
CHEVROLET,Revestimientos interiores Jet Black / Fawn,,,ninguna
CHEVROLET,"Rojo ""Radiant Tint""",,,ninguna
CHEVROLET,"Rojo - ""Jinx""",,,ninguna
CHEVROLET,Rojo JINX,,,ninguna
CHEVROLET,Rojo – “Jinx”,,,ninguna
CHEVROLET,"Rueda de Auxilio 17""",,,ninguna
CHEVROLET,Rueda de auxilio T135/80R17,,,ninguna
CHEVROLET,SEGURIDAD,,,ninguna
CHEVROLET,Salida eléctrica de 220v en compartimiento apoyabrazos y caja de carga,,,ninguna
CHEVROLET,Seguro para niños en puertas posteriores,,,ninguna
CHEVROLET,Seguro para niños en puertas traseras ,,,ninguna
CHEVROLET,Selector electrónico de modo de conducción,,,ninguna
CHEVROLET,Sensor de estacionamiento delantero y trasero,sensores_traseros,,reglas
CHEVROLET,Sensor de estacionamiento delantero y trasero,sensores_delanteros,,reglas
CHEVROLET,"Sensor de estacionamiento delantero, lateral y trasero",sensores_traseros,,reglas
CHEVROLET,"Sensor de estacionamiento delantero, lateral y trasero",sensores_delanteros,,reglas
CHEVROLET,Sensor de estacionamiento trasero,sensores_traseros,,reglas
CHEVROLET,Sensor de estacionamiento trasero & delantero,sensores_traseros,,reglas
CHEVROLET,Sensor de estacionamiento trasero & delantero,sensores_delanteros,,reglas
CHEVROLET,Sensor de lluvia,sensor_lluvia,,reglas
CHEVROLET,Sensor de presión de neumáticos,presion_neumaticos,,reglas
CHEVROLET,Sensores de estacionamiento delanteros y traseros,sensores_traseros,,reglas
CHEVROLET,Sensores de estacionamiento delanteros y traseros,sensores_delanteros,,reglas
CHEVROLET,Sensores de estacionamiento frontal y trasero,sensores_traseros,,reglas
CHEVROLET,Sensores de estacionamiento traseros ,sensores_traseros,,reglas
CHEVROLET,Sistema de Frenos,,,ninguna
CHEVROLET,Sistema de Monitoreo de Presión de Neumáticos (TPMS),presion_neumaticos,,reglas
CHEVROLET,Sistema de apertura de portón universal Home Remote,,,ninguna
CHEVROLET,"Sistema de audio MyLink, con pantalla táctil color de 13,4"" pulgadas compatible con bluetooth, Apple radio FM/AM",pantalla_multimedia,13.4,reglas
CHEVROLET,Sistema de audio de 2 parlantes,,,ninguna
CHEVROLET,Sistema de audio de 4 parlantes,,,ninguna
CHEVROLET,Sistema de audio de 6 parlantes,,,ninguna
CHEVROLET,Sistema de audio premium BOSE con 7 parlantes,audio_premium,,reglas
CHEVROLET,Sistema de audio premium de 6 Parlantes (4 parlantes + 2 tweeters),audio_premium,,reglas
CHEVROLET,Sistema de frenos,,,ninguna
CHEVROLET,Sistema de frenos ABS,,,ninguna
CHEVROLET,"Sistema de frenos ABS y distribución de frenado electrónica (""EBD"")",,,ninguna
CHEVROLET,Sistema de monitoreo de tráiler,,,ninguna
CHEVROLET,Sistema eléctrico de distribución de frenado (EBD),,,ninguna
CHEVROLET,Spray de caja de alta durabilidad,,,ninguna
CHEVROLET,Stabilitrak: Control de estabilidad incluye sistema antivuelco con control de balanceo de remolque,control_estabilidad,,reglas
CHEVROLET,Suspensión,,,ninguna
CHEVROLET,Suspensión Delantera,,,ninguna
CHEVROLET,Suspensión Trasera,,,ninguna
CHEVROLET,Suspensión delantera,,,ninguna
CHEVROLET,Suspensión trasera,,,ninguna
CHEVROLET,"Tablero de instrumentos de 8""",tablero_digital,8,reglas
CHEVROLET,"Tablero digital 12,3"", con múltiples visualizaciones de datos, combustible, audio, información de tráiler, teléfono y elementos de seguridad, y visualizaciones de traccion,TPMS, entre otros.",presion_neumaticos,,reglas
CHEVROLET,"Tablero digital 12,3"", con múltiples visualizaciones de datos, combustible, audio, información de tráiler, teléfono y elementos de seguridad, y visualizaciones de traccion,TPMS, entre otros.",tablero_digital,12.3,reglas
CHEVROLET,"Tablero digital de 8""",tablero_digital,8,reglas
CHEVROLET,Tanque de combustible (litros),,,ninguna
CHEVROLET,Tanque de combustible (litros) 53,,,ninguna
CHEVROLET,Tanque de combustible (lts.),,,ninguna
CHEVROLET,Tapizado de cuero Jet Black,asientos_cuero,,reglas
CHEVROLET,Tapizado de cuero ecológico Jet Black,asientos_cuero,,reglas
CHEVROLET,Tapizado de cuero ecológico Jet Black y Captain Blue,asientos_cuero,,reglas
CHEVROLET,Tapizado de cuero en color negro combinado con rojo exclusivo RS,asientos_cuero,,reglas
CHEVROLET,"Tapizado de cuero en colores Negro ""Jet Black"" y Marrón ""Dark Cocoa""",asientos_cuero,,reglas
CHEVROLET,Tapizado de tela,,,ninguna
CHEVROLET,Tapizado de tela Jet Black,,,ninguna
CHEVROLET,Tapizado en cuero beige Storm Sky,asientos_cuero,,reglas
CHEVROLET,Tapizado en cuero bitono Jet Black/Dark Adriatic,asientos_cuero,,reglas
CHEVROLET,Tapizado en cuero bitono Jet Black/Dark Adriatic,techo_bitono,,reglas
CHEVROLET,Tapizado en cuero negro Jet Black diseño exclusivo RS,asientos_cuero,,reglas
CHEVROLET,Tapizado en tela color Jet Black,,,ninguna
CHEVROLET,"Tapizado hibrido, tela y cuero exclusivo RS",asientos_cuero,,reglas
CHEVROLET,Tapizado híbrido tela y cuero,asientos_cuero,,reglas
CHEVROLET,Tapizado interior de eco-cuero Jet Black,asientos_cuero,,reglas
CHEVROLET,Tapizado símil cuero Jet Black ,asientos_cuero,,reglas
CHEVROLET,Tapizado símil cuero Sandy ,asientos_cuero,,reglas
CHEVROLET,Tasa de compresion,,,ninguna
CHEVROLET,Tasa de compresión,,,ninguna
CHEVROLET,Techo Bitono Color Negro,techo_bitono,,reglas
CHEVROLET,Techo Solar Panorámico ,techo_solar,,reglas
CHEVROLET,Techo panorámico eléctrico,techo_solar,,reglas
CHEVROLET,Techo solar eléctrico panorámico,techo_solar,,reglas
CHEVROLET,Tercera luz de freno LED montado en alerón de compuerta posterior,,,ninguna
CHEVROLET,Tipo,,,ninguna
CHEVROLET,Tipo Dedicated Hybrid Transmission (DHT),,,ninguna
CHEVROLET,"Tipo Delantero transversal, Gasolina",,,ninguna
CHEVROLET,Tipo Eléctrica Progresiva,,,ninguna
CHEVROLET,Tipo de dirección,,,ninguna
CHEVROLET,Tipo de transmisión,,,ninguna
CHEVROLET,Toma corriente de 12V en la consola central,,,ninguna
CHEVROLET,Toma de corriente 12V en consola central frontal,,,ninguna
CHEVROLET,Torque,,,ninguna
CHEVROLET,Torque Máximo,,,ninguna
CHEVROLET,Torque Máximo Combinado 310,,,ninguna
CHEVROLET,Torque Máximo Líquido,,,ninguna
CHEVROLET,Torque Máximo Líquido (ABNT NBR 5484/ISO 1585 Líquida o SAE bruta),,,ninguna
CHEVROLET,Torque máximo (Nm @ rpm),,,ninguna
CHEVROLET,Torque máximo (Nm @ rpm) 510 @ 2000,,,ninguna
CHEVROLET,Traba de seguridad en puertas traseras,,,ninguna
CHEVROLET,Traba eléctrica de tapa de combustible,,,ninguna
CHEVROLET,Tracción,traccion_4x4,,reglas
CHEVROLET,Tracción 4x4,traccion_4x4,,reglas
CHEVROLET,Tracción Delantera,traccion_4x4,,reglas
CHEVROLET,Transmisión,,,ninguna
CHEVROLET,Transmisión Automática de 8 Velocidades,,,ninguna
CHEVROLET,Transmisión automática de 10 velocidades,,,ninguna
CHEVROLET,"Transmisión automática de seis velocidades con opción de cambio manual de marchas ""Active Select""",,,ninguna
CHEVROLET,Trasera independiente,,,ninguna
CHEVROLET,Traseros A disco,,,ninguna
CHEVROLET,Velocidad Máxima (Km/h) 170,,,ninguna
CHEVROLET,Ventana trasera eléctrica,,,ninguna
CHEVROLET,"Ventanas laterales eléctricas, con función ""OneTouch"" ",pantalla_multimedia,,reglas
CHEVROLET,"Vidrio eléctrico en puertas delanteras y traseras con acción ""One Touch"", y cierre/apertura automático con llave",pantalla_multimedia,,reglas
CHEVROLET,Vidrios delanteros con función OneTouch,pantalla_multimedia,,reglas
CHEVROLET,Vidrios eléctricos delanteros y posteriores,,,ninguna
CHEVROLET,Visión auxiliar de caja de carga,,,ninguna
CHEVROLET,Volante calefaccionado,,,ninguna
CHEVROLET,Volante de 3 rayos,,,ninguna
CHEVROLET,Volante de cuero,volante_cuero,,reglas
CHEVROLET,Volante de cuero sintético de 4 rayos,volante_cuero,,reglas
CHEVROLET,Volante deportivo de cuero,volante_cuero,,reglas
CHEVROLET,Volante deportivo de cuero de 3 rayos,volante_cuero,,reglas
CHEVROLET,Volante deportivo de ecocuero de 3 rayos,volante_cuero,,reglas
CHEVROLET,Volante multifunción,,,ninguna
CHEVROLET,Volante multifunción de 3 rayos,,,ninguna
CHEVROLET,Volante multifunción de 3 rayos deportivo de ecocuero,volante_cuero,,reglas
CHEVROLET,Volante multifunción de cuero,volante_cuero,,reglas
CHEVROLET,Volante multifunción ,,,ninguna
CHEVROLET,Volante regulable en altura y profundidad,,,ninguna
CHEVROLET,Volumen de caja de carga (lts.),,,ninguna
CHEVROLET,Volumen de carga (L),,,ninguna
CHEVROLET,Válvulas,,,ninguna
CHEVROLET,"Válvulas, total",,,ninguna
CHEVROLET,Wi-Fi,,,ninguna
CHEVROLET,Wi-Fi Nativo,,,ninguna
CHEVROLET,WiFi,,,ninguna
CHEVROLET,"integración con smartphones a través de Android Auto y Apple CarPlay (con cable), Radio ",carplay_android,,reglas
CHEVROLET,"integración de teléfonos inteligentes, radio, función de transmisión de",,,ninguna
CHEVROLET,luz de giro incorporada,,,ninguna
FORD,-,,,ninguna
FORD,- Alto (mm),,,ninguna
FORD,- Volumen (m3),,,ninguna
FORD,-Ancho (mm),,,ninguna
FORD,-Ancho entre buches (mm),,,ninguna
FORD,1 fila de entrada USB (tipo A + tipo C),,,ninguna
FORD,1° fila / 2° fila / 3° fila - Headroom 972/953/923 Comando de audio al volante,,,ninguna
FORD,2 Ganchos de remolque delanteros n Sistema de mitigación de vuelcos (RSC),,,ninguna
FORD,2 filas de entradas USB (2 tipo A + 2 tipo C),usb_traseros,,gemini
FORD,6 parlantes,,,ninguna
FORD,"7 Airbags (frontales (conductor y acompañante), rodilla conductor, laterales tórax y cortina)",airbags_frontales,,reglas
FORD,"7 Airbags (frontales (conductor y acompañante), rodilla conductor, laterales tórax y cortina)",airbags_laterales,,reglas
FORD,"7 Airbags (frontales (conductor y acompañante), rodilla conductor, laterales tórax y cortina)",airbags_cortina,,reglas
FORD,"7 Airbags (frontales (conductor y acompañante), rodilla conductor, laterales tórax y cortina)",airbag_rodilla,,reglas
FORD,A - Largo total 5981 Cierre central de puertas con comando a distancia,,,ninguna
FORD,ABS y EBD en las 4 ruedas,,,ninguna
FORD,"ABS, EBD (electronic brake distribution) y EBA",,,ninguna
FORD,Advertencia de salida de puertas,,,ninguna
FORD,"Airbag de rodilla para conductor, airbag delanteros y laterales de tórax para conductor y acompañante, airbags laterales tipo cortina",airbags_frontales,,reglas
FORD,"Airbag de rodilla para conductor, airbag delanteros y laterales de tórax para conductor y acompañante, airbags laterales tipo cortina",airbags_cortina,,reglas
FORD,"Airbag de rodilla para conductor, airbag delanteros y laterales de tórax para conductor y acompañante, airbags laterales tipo cortina",airbag_rodilla,,reglas
FORD,Airbags delanteros para conductor y acompañante,airbags_frontales,,reglas
FORD,Airbags laterales de tórax en asientos delanteros,airbags_laterales,,reglas
FORD,Airbags laterales tipo cortina,airbags_cortina,,reglas
FORD,Aire acondicionado digital,aire_acondicionado,,reglas
FORD,Alarma perimetral,,,ninguna
FORD,Alarma volumétrica,,,ninguna
FORD,Alerta de bocina & luces,,,ninguna
FORD,Alerta de bocina y luces,,,ninguna
FORD,Alerta de cinturón de seguridad visual y sonora (conductor y acompañante),,,ninguna
FORD,Alerta de pre-colisión frontal,frenado_autonomo,,reglas
FORD,Alerta de pre-colisión trasera,frenado_autonomo,,reglas
FORD,Alerta de puertas abiertas y luces encendidas,,,ninguna
FORD,Alfombras de goma,,,ninguna
FORD,Alto (descargado - sin barras portaequipajes),,,ninguna
FORD,Alto (descargado),,,ninguna
FORD,Alto (mm),,,ninguna
FORD,Altura (mm,,,ninguna
FORD,Altura (mm) 1841 Conectividad inalámbrica compatible con Android Auto/Apple Car Play,,,ninguna
FORD,Ancho (mm),,,ninguna
FORD,Ancho entre buches (mm),,,ninguna
FORD,Ancho total (con espejos) (mm),,,ninguna
FORD,Ancho total (sin espejos) (mm),,,ninguna
FORD,Ancho total con espejos / sin espejos (mm),,,ninguna
FORD,Anclajes de seguridad ISOFIX® en asientos traseros,isofix,,reglas
FORD,Anclajes para sillas de bebé ISOFIX® en asientos traseros,isofix,,reglas
FORD,Apertura & cierre de portón trasero eléctrico con función manos libres,porton_electrico,,reglas
FORD,"Apertura de puerta sin llave ""Key Less""",llave_presencia,,reglas
FORD,"Apertura de puertas ""sin llave""",llave_presencia,,reglas
FORD,Apertura y cierre centralizado de puertas con comando a distancia,,,ninguna
FORD,Aplique Bronco Sport portón trasero,,,ninguna
FORD,Aplique Everest portón trasero n Control de tracción (TCS),,,ninguna
FORD,Aplique Platinum en portón trasero y capot,,,ninguna
FORD,Aplique Titanium en portón trasero,,,ninguna
FORD,Apoyabrazos central con guardaobjetos y posavasos,,,ninguna
FORD,Apoyabrazos central trasero,,,ninguna
FORD,Apoyabrazos delantero con guardaobjetos y trasero con posavasos,,,ninguna
FORD,Apoyabrazos delantero frontal con guarda objetos,,,ninguna
FORD,Apoyabrazos trasero con posa vasos,,,ninguna
FORD,Apoyacabezas regulables en altura,,,ninguna
FORD,"Arranque de motor sin llave ""Ford Power""",arranque_boton,,gemini
FORD,Asiento conductor c/ajuste eléctrico en 8 direcciones,asiento_electrico,,reglas
FORD,Asiento conductor c/ajuste manual en 6 direcciones,,,ninguna
FORD,Asiento de conductor con regulación eléctrica (8 posiciones) y manual para acompañante (6 posiciones),asiento_electrico,,reglas
FORD,Asiento del acompañante con regulación eléctrica de 4 posiciones,asiento_electrico,,reglas
FORD,Asiento del acompañante con regulación eléctrica de 6 posiciones,asiento_electrico,,reglas
FORD,Asiento del acompañante con regulación manual de 4 posiciones,,,ninguna
FORD,Asiento del conductor con memorias,,,ninguna
FORD,Asiento del conductor con regulación eléctrica de 10 posiciones incluyendo ajuste lumbar,asiento_electrico,,reglas
FORD,Asiento del conductor con regulación eléctrica de 6 posiciones,asiento_electrico,,reglas
FORD,Asiento del conductor con regulación eléctrica de 8 posiciones,asiento_electrico,,reglas
FORD,Asiento del conductor con regulación manual de 6 posiciones,,,ninguna
FORD,Asientos 2+1 Limpiaparabrisas delantero de intermitencia variable,,,ninguna
FORD,Asientos con tapizado combinado de tela y cuero ecologico,asientos_cuero,,reglas
FORD,Asientos con tapizado de cuero ecológico,asientos_cuero,,reglas
FORD,Asientos con tapizado de tela,,,ninguna
FORD,Asientos delanteros calefaccionados,asientos_calefaccionados,,reglas
FORD,Asientos delanteros regulación manual (6 posiciones conductor / 4 acompañante),,,ninguna
FORD,Asientos traseros rebatibles 60/40,,,ninguna
FORD,Asistencia electrónica al frenado de emergencia (EBA),,,ninguna
FORD,Asistencia para la conducción con trailer (Pro-trailer back up assist),,,ninguna
FORD,Asistente al arranque en pendiente (HLA),arranque_pendiente,,reglas
FORD,Asistente de descenso en pendiente (HDC),,,ninguna
FORD,Asistente de dirección evasiva,,,ninguna
FORD,Asistente de frenado en reversa,,,ninguna
FORD,Asistente de partida en pendientes (HLA),arranque_pendiente,,reglas
FORD,Asistente de pre-colisión con detección de peatones y vehículos,frenado_autonomo,,reglas
FORD,Asistente de pre-colisión con frenado autónomo de emergencia,frenado_autonomo,,reglas
FORD,Asistente de pre-colisión con frenado autónomo de emergencia y detección de peatones,frenado_autonomo,,reglas
FORD,Asistente y luces de frenada de emergencia (EBA) (EBL),,,ninguna
FORD,Aviso de cinturones de seguridad delanteros y traseros desconectados,,,ninguna
FORD,Aviso visual y sonoro de cinturones de seguridad delanteros desconectados,,,ninguna
FORD,B - Ancho total (sin espejos / con espejos) 2059 / 2474 Cinturones de seguridad inerciales con ajuste en altura (conductor y acompañante),,,ninguna
FORD,Badlands,,,ninguna
FORD,Bandeja de carga configurable Tomacorrientes,,,ninguna
FORD,Barra Deportiva San Antonio gris oscuro,,,ninguna
FORD,Barra central de parrilla iluminada LED,,,ninguna
FORD,Barra de remolque,,,ninguna
FORD,Barra de remolque con conector precableado,,,ninguna
FORD,"Barra de remolque, con kit eléctrico",,,ninguna
FORD,Barra deportiva San Antonio,,,ninguna
FORD,Barra portaequipajes en techo,barras_techo,,reglas
FORD,Barra portaequipajes laterales en caja,,,ninguna
FORD,Barras de techo longitudinales,barras_techo,,reglas
FORD,Barras de techo longitudinales de color gris satinado,barras_techo,,reglas
FORD,Barras de techo longitudinales de color negro,barras_techo,,reglas
FORD,Baúl de carga con cobertor de goma removible en respaldo,,,ninguna
FORD,Bloqueo de diferencial trasero,,,ninguna
FORD,Bloqueo y desbloqueo remoto de puertas,,,ninguna
FORD,C - Altura total* 2786 Cinturón de seguridad de tres puntos en todos los asientos,,,ninguna
FORD,CONFORT,,,ninguna
FORD,Caja de carga: -Largo (mm),,,ninguna
FORD,Calco Badlands en lateral de puerta,,,ninguna
FORD,Calco Big Bend en lateral de puerta,,,ninguna
FORD,Calcomanías deportivas TREMOR en laterales y capot,,,ninguna
FORD,Capacidad baúl (L) 7A/5A/2A 259/898/1823 Iluminación 360,,,ninguna
FORD,Capacidad de Tanque de Combustible (L),,,ninguna
FORD,Capacidad de batería iones de litio (kWh),,,ninguna
FORD,Capacidad de baúl (L),,,ninguna
FORD,Capacidad de carga (Kg),,,ninguna
FORD,Capacidad de carga en techo (dinámico) (Kg),,,ninguna
FORD,Capacidad de carga en techo (estático) (Kg),,,ninguna
FORD,Capacidad de carga máx (Kg) 1181 Asistente de viento lateral,,,ninguna
FORD,Capacidad de inmersión a 7 km/h (mm),,,ninguna
FORD,Capacidad de pasajeros,,,ninguna
FORD,Capacidad de pasajeros 7 Entradas USB,,,ninguna
FORD,Capacidad de tanque combustible(L) 80 Tomacorrientes de 12V,,,ninguna
FORD,Capacidad de trailer (Kg),,,ninguna
FORD,Capacidad de vadeo (mm) 800 Sistema de audio de 8 parlantes (sin subwoofer),,,ninguna
FORD,Capacidad máxima de remolque (Kg),,,ninguna
FORD,Capacidad tanque de combustible (L),,,ninguna
FORD,Capacidad tanque de combustible (L) 80 Luces de frenado de emergencia (EBL),,,ninguna
FORD,Capacidad tanque de urea (L) 24 Alerta límites de velocidad,,,ninguna
FORD,Cargador inalámbrico,cargador_inalambrico,,reglas
FORD,Cargador inalámbrico de smartphone,cargador_inalambrico,,reglas
FORD,Cerradura electrica en portón de caja de carga,,,ninguna
FORD,Cierre centralizado en portón de caja,,,ninguna
FORD,Cierre con cerradura en portón de caja,,,ninguna
FORD,Cierre/apertura global remoto de puertas,,,ninguna
FORD,Cilindrada (cm3) 2261 Asientos con ajuste eléctrico de 8 posiciones para el conductor y el pasajero,,,ninguna
FORD,Cilindros,,,ninguna
FORD,"Cinturones de seguridad delanteros ajust. en altura, incerciales de 3 puntos con pretensores",,,ninguna
FORD,Cinturones de seguridad traseros (3) inerciales de 3 puntos,,,ninguna
FORD,"Cinturones en todas las plazas, con recordatorio y detección de pasajeros",,,ninguna
FORD,Climatizador automático bi-zona,climatizador_automatico,,reglas
FORD,Climatizador automático bi-zona,climatizador_bizona,,reglas
FORD,Climatizador automático bi-zona con salida de aire para plazas traseras,climatizador_bizona,,reglas
FORD,Climatizador automático bi-zona con salida de aire para plazas traseras,salidas_aire_traseras,,reglas
FORD,Climatizador automático con salida de aire para plazas traseras,salidas_aire_traseras,,reglas
FORD,Climatizador automático digital bi-zona con salida en plazas traseras,climatizador_automatico,,reglas
FORD,Climatizador automático digital bi-zona con salida en plazas traseras,climatizador_bizona,,reglas
FORD,Climatizador automático digital bi-zona con salida en plazas traseras,salidas_aire_traseras,,reglas
FORD,Climatizador con salida de aire para plazas traseras,salidas_aire_traseras,,reglas
FORD,Cobertor de caja,,,ninguna
FORD,Columna de dirección ajustable en altura y profundidad,,,ninguna
FORD,Columna de dirección colapsable y barras de protección contra impactos en puertas,,,ninguna
FORD,"Comando satelital de audio, computadora de abordo y teléfono en volante",,,ninguna
FORD,Combustible,,,ninguna
FORD,Combustible Diesel Tercera luz de stop en altura,,,ninguna
FORD,Combustible Nafta Asientos calefaccionados conductor y acompañante,asientos_calefaccionados,,reglas
FORD,Compartimento de almacenamiento bajo el asiento (segunda fila/lado pasajero),,,ninguna
FORD,Con espejos (mm),,,ninguna
FORD,"Conexión auxiliar para equipos portátiles MP3, Bluetooth® y USB",,,ninguna
FORD,Conexión inalámbrica compatible con Android Auto y Apple CarPlay,carplay_android,,reglas
FORD,Conexión inalámbrica compatible con Android Auto y Apple CarPlay,carplay_inalambrico,,reglas
FORD,Configuración,,,ninguna
FORD,Configuración 4 en línea Gancho de remolque delantero y trasero n,,,ninguna
FORD,Consola de techo con luces interiores,,,ninguna
FORD,Control automático de luces altas,luces_altas_automaticas,,gemini
FORD,Control de balanceo de trailer (TSM) y control de carga adaptativo (LAC),,,ninguna
FORD,"Control de estabilidad (ESP), control de tracción (TCS) y control anti-vuelco (ROM)",control_estabilidad,,reglas
FORD,Control de tracción (TCS),,,ninguna
FORD,Control de velocidad crucero,crucero,,reglas
FORD,Control de velocidad crucero adaptativo (ACC) con Stop & Go y centrado de carril,crucero_adaptativo,,reglas
FORD,Control de velocidad crucero adaptativo (ACC) con Stop & Go y centrado de carril,mantenimiento_carril,,reglas
FORD,"Control de velocidad crucero adaptativo con sistema ""Stop & Go""",crucero_adaptativo,,reglas
FORD,Control de velocidad crucero con comandos en el volante,crucero,,reglas
FORD,Control electrónico de descenso (HDC),,,ninguna
FORD,Control electrónico de estabilidad (ESP),control_estabilidad,,reglas
FORD,Control electrónico de estabilidad (ESP) con control de Tracción (TCS),control_estabilidad,,reglas
FORD,Control por voz para dispositivos,,,ninguna
FORD,Controles de audio y teléfono en el volante,,,ninguna
FORD,Cubre cárter,,,ninguna
FORD,Cámara 360,camara_360,,reglas
FORD,Cámara de estacionamiento 360°,camara_360,,reglas
FORD,Cámara de estacionamiento trasera,camara_trasera,,reglas
FORD,Cámara trasera,camara_trasera,,reglas
FORD,D - Distancia entre ejes 3750 Airbags delanteros para conductor y acompañante,,,ninguna
FORD,"D Á Á n n e g g sp u u e l l o o je d d d e e e a s l a t s a l u i q d e u a lo e (mm) 3 2 2 0 2 5 .2 6 ° ° Expe E T ri e n e c t n r n a c o d i l a o a g K re í e a m y a l o e rr t s a a s n s q in u e ll a s v in e llave ""Ford Power"" n",,,ninguna
FORD,DIMENSIONES (mm) Cierre automático de puertas en velocidad (8km/h),,,ninguna
FORD,DIMENSIONES INTERIORES Tomacorrientes de 220V 400W,,,ninguna
FORD,DIMENSIONES Y CAPACIDADES E-shifter,,,ninguna
FORD,DIRECCIÓN Conexión auxiliar y puerto USB para equipos portátiles,,,ninguna
FORD,De Cortina,airbags_cortina,,gemini
FORD,De estacionamiento Mecánico con acción en las ruedas traseras Sistema Antibloqueo de Frenos (ABS),,,ninguna
FORD,Delanteros,,,ninguna
FORD,Desempañador trasero,,,ninguna
FORD,Despeje (mm),,,ninguna
FORD,Despeje mínimo del suelo (mm),,,ninguna
FORD,Detector de fatiga,alerta_fatiga,,reglas
FORD,Dirección,,,ninguna
FORD,Dirección Asistida Eléctrica (EPAS),,,ninguna
FORD,Dirección asistida electrónica (EPAS),,,ninguna
FORD,Dirección asistida eléctrica (EPAS),,,ninguna
FORD,Distancia entre ejes (mm),,,ninguna
FORD,Distancia entre ejes (mm) 2900 Base de carga de celular inalámbrica,,,ninguna
FORD,Distribución electrónica de frenado (EBD),,,ninguna
FORD,Diámetro de giro pared a pared 13300 Dirección eléctrica,,,ninguna
FORD,Doble gancho de rescate delantero,,,ninguna
FORD,Dos ganchos de rescate delanteros en color naranja cobre,,,ninguna
FORD,Encendido automático de luces,luces_automaticas,,reglas
FORD,Encendido de motor remoto,conectividad_remota,,gemini
FORD,Encendido remoto,conectividad_remota,,gemini
FORD,Encendido remoto desde la llave,,,ninguna
FORD,Encendido remoto programado,conectividad_remota,,gemini
FORD,Entrada remota sin llave,,,ninguna
FORD,Entradas USB Tipo A y Tipo C,,,ninguna
FORD,Escalón lateral en caja de carga,,,ninguna
FORD,Espejo interior retrovisor fotocromático,espejo_electrocromico,,reglas
FORD,Espejo retrovisor fotocromático,espejo_electrocromico,,reglas
FORD,Espejo retrovisor interior fotocromático,espejo_electrocromico,,reglas
FORD,Espejos exteriores c/comando eléctrico y c/luz de giro,,,ninguna
FORD,Espejos exteriores calefaccionados,,,ninguna
FORD,"Espejos exteriores color carrocería, con luz de giro incorporada",,,ninguna
FORD,"Espejos exteriores color cromado, plegables eléctricamente, con luz de giro, n Asistente de pre-colisión con frenado automático de emergencia y detección de peatones",frenado_autonomo,,reglas
FORD,"Espejos exteriores color cromado, plegables eléctricamente, con luz de giro, n Asistente de pre-colisión con frenado automático de emergencia y detección de peatones",espejos_rebatibles,,reglas
FORD,"Espejos exteriores color gris oscuro, parrilla y manijas de puerta color carroceria y manija de portón color negro",,,ninguna
FORD,Espejos exteriores color negro,,,ninguna
FORD,"Espejos exteriores color negro, electricos y con luz de giro incorporada",,,ninguna
FORD,"Espejos exteriores color negro, electricos, con luz de giro incorporada y memorias",,,ninguna
FORD,Espejos exteriores eléctricos,,,ninguna
FORD,"Espejos exteriores eléctricos, color carrocería, con luz de giro incorporada, rebatibles eléctricamente y luz de charco",espejos_rebatibles,,reglas
FORD,"Espejos exteriores eléctricos, color negro, con luz de giro incorporada, rebatibles eléctricamente y luz de charco",espejos_rebatibles,,reglas
FORD,Espejos exteriores plegables electricos,espejos_rebatibles,,reglas
FORD,"Espejos exteriores, parrilla y manijas de puerta color carrocería, manija de portón color negro",,,ninguna
FORD,"Espejos exteriores, parrilla y manijas de puerta cromados, manija de portón color negro",,,ninguna
FORD,"Espejos exteriores, parrilla, manijas de puerta y portón color negro",,,ninguna
FORD,Estado general del vehículo con alertas,,,ninguna
FORD,Estribos color negro,,,ninguna
FORD,Everest -,,,ninguna
FORD,F- Voladizo trasero 1208 Doble espejo retrovisor con punto ciego,punto_ciego,,reglas
FORD,FRENOS Panel divisor de espacio de cabina/carga,,,ninguna
FORD,Faros antiniebla LED,faros_antiniebla,,reglas
FORD,Faros antiniebla delanteros LED,faros_antiniebla,,reglas
FORD,Faros antiniebla halógenos,faros_antiniebla,,reglas
FORD,Faros delanteros LED,faros_led,,reglas
FORD,Faros delanteros con tecnología Full LED,faros_led,,reglas
FORD,Faros delanteros con tecnología LED,faros_led,,reglas
FORD,Faros delanteros con tecnología full LED y nivelación de altura,faros_led,,reglas
FORD,Faros delanteros halógenos,,,ninguna
FORD,Faros delanteros y traseros 100% con tecnología LED,faros_led,,gemini
FORD,Faros traseros LED,,,manual
FORD,Faros traseros con tecnologia LED,,,ninguna
FORD,Faros traseros halógenos,,,ninguna
FORD,Freno a disco en las 4 ruedas,,,ninguna
FORD,Freno de Mano Eléctrico,freno_mano_electrico,,reglas
FORD,"Freno de mano eléctrico con función ""Auto-Hold""",freno_mano_electrico,,reglas
FORD,Freno de mano eléctrico con función Auto-Hold,freno_mano_electrico,,reglas
FORD,Frenos a disco en las cuatro ruedas (Delanteros ventilados / Traseros sólidos),,,ninguna
FORD,G - Ancho máximo de puerta lateral 1300 Inmovilizador de motor,,,ninguna
FORD,GPS Integrado,navegador,,reglas
FORD,Gancho delantero de rescate,,,ninguna
FORD,Ganchos de rescate delanteros,,,ninguna
FORD,Ganchos para sujeción de carga (interior),,,ninguna
FORD,H- Altura de acceso de la puerta lateral 1600 Número de identificación del vehículo visible,,,ninguna
FORD,Iluminación de caja de carga,,,ninguna
FORD,"Información de autonomía, odómetro y localizacion en tiempo real",conectividad_remota,,gemini
FORD,"Información de autonomía, odómetro y localización en tiempo real",conectividad_remota,,gemini
FORD,"Información de autonomía, odómetro y localización en tiempo real con alerta de bocina & luces",conectividad_remota,,gemini
FORD,Inmovilizador de motor,,,ninguna
FORD,Interior Black,,,ninguna
FORD,Intersección de asistencia previa a la colisión,frenado_autonomo,,reglas
FORD,Inyección de Combustible,,,ninguna
FORD,Inyección de combustible Directa Pisos alfombrados delanteros y traseros,,,ninguna
FORD,J - Altura máxima boca de carga trasera 1887 Aire acondicionado,aire_acondicionado,,gemini
FORD,K - Profundidad máxima de espacio de carga 3494 Butaca de conductor con ajuste en altura y apoyabrazos,,,ninguna
FORD,L - Ancho máximo del espacio de carga 1784 Volante regulable en altura y profundidad,,,ninguna
FORD,"L F l r a e n n t o a s s Discos ventilados A e l n u m la i s n 4 io r 2 u 0 ed "" as (ABS/ESP/RSC) L S P e e o v n rt a s ó n o n t r a t d c r e r a i s s ll e t u a r v o le i a e s l o é n ct e r i t c o o uch n n",control_estabilidad,,reglas
FORD,Largo (mm),,,ninguna
FORD,Largo (mm) 4914 Tecnología Start-Stop,,,ninguna
FORD,Largo total (mm),,,ninguna
FORD,Laterales,,,ninguna
FORD,"Levantacristales eléctricos con sistema ""One Touch Down"" para conductor",pantalla_multimedia,,reglas
FORD,"Levantacristales eléctricos con sistema ""One Touch Up/Down"" para conductor y pasajeros",pantalla_multimedia,,reglas
FORD,"Levantacristales eléctricos con sistema ""One Touch"" para conductor y pasajeros",pantalla_multimedia,,reglas
FORD,Levantacristales eléctricos con sistema “One Touch Down” para conductor,pantalla_multimedia,,reglas
FORD,"Levantavidrios eléctricos ""un toque"" delanteros y traseros",,,ninguna
FORD,Levas al volante,levas,,reglas
FORD,Limitador de velocidad,limitador_velocidad,,reglas
FORD,Limpiaparabrisas con sensor de lluvia,sensor_lluvia,,reglas
FORD,Limpiaparabrisas delantero con sensor de lluvia,sensor_lluvia,,reglas
FORD,Limpiaparabrisas frontal delantero,,,ninguna
FORD,Llantas,llantas,,reglas
FORD,"Llantas de acero de 16""",llantas,16,reglas
FORD,"Llantas de aleación de 17""",llantas_aleacion,,reglas
FORD,"Llantas de aleación de 17""",llantas,17,reglas
FORD,"Llantas de aleación de 18""",llantas_aleacion,,reglas
FORD,"Llantas de aleación de 18""",llantas,18,reglas
FORD,"Llantas de aleación de 19""",llantas_aleacion,,reglas
FORD,"Llantas de aleación de 19""",llantas,19,reglas
FORD,"Llantas de aleación de 20""",llantas_aleacion,,reglas
FORD,"Llantas de aleación de 20""",llantas,20,reglas
FORD,Luces altas automáticas,luces_altas_automaticas,,reglas
FORD,Luces diurnas con tecnología LED,luces_diurnas,,reglas
FORD,Luces diurnas de LED (DTRL),luces_diurnas,,reglas
FORD,Luces diurnas de circulación Full LED n Cámara trasera digital,camara_trasera,,reglas
FORD,Luces diurnas de circulación Full LED n Cámara trasera digital,luces_diurnas,,reglas
FORD,Luces diurnas de circulación LED (DTRL),luces_diurnas,,reglas
FORD,Luces diurnas halógenas,luces_diurnas,,reglas
FORD,Luz LED en caja de carga,,,ninguna
FORD,Luz de ambiente interior LED de color seleccionable,,,ninguna
FORD,Luz de freno elevada n Control de velocidad crucero,crucero,,reglas
FORD,Luz trasera con tecnología LED,,,ninguna
FORD,MOTOR,,,ninguna
FORD,MOTORIZACIÓN Puerta lateral corrediza,,,ninguna
FORD,Manija de sujeción para el ingreso al espacio de carga,,,ninguna
FORD,Manijas de puerta color negro,,,ninguna
FORD,Manijas de puerta de color de la carroceria,,,ninguna
FORD,Manijas de puertas color carrocería,,,ninguna
FORD,Manijas de puertas color negro,,,ninguna
FORD,Manijas de puertas cromadas,,,ninguna
FORD,Marca / Modelo,,,ninguna
FORD,Medidas,,,ninguna
FORD,Modelo,,,ninguna
FORD,Modo de manejo Todo Terreno adicional,,,ninguna
FORD,Modos de dirección seleccionables,,,ninguna
FORD,"Modos de manejo 6 modos: Normal, Eco, Resbaladizo, Barro/Surcos, Arena y Remolque Apoyabrazos central delantero",,,ninguna
FORD,Modos de manejo seleccionables,,,ninguna
FORD,Moldura lateral de guardabarro negro,,,ninguna
FORD,Motor,,,ninguna
FORD,Motor 2.3L GTDi Ecoboost Cierre de puertas eléctrico (Desbloqueo y Bloqueo automático),,,ninguna
FORD,Motor de combustión interna,,,ninguna
FORD,My Key,,,ninguna
FORD,N - Altura interior de carga de suelo a techo 2025 Computadora de a bordo,,,ninguna
FORD,NEUMÁTICOS Asistencia electrónica al frenado de emergencia (EBA),,,ninguna
FORD,Neumáticos,,,ninguna
FORD,Nivelación de faros manual desde el interior,,,ninguna
FORD,O - Altura de plataforma de carga* 717 Regulación de altura eléctrica en faros delanteros,,,ninguna
FORD,P M E A A s a l p a e t r l n r r a i i q ó i g b j u n a o o s e l s t p r d v l a e a e e s s t r e p e s d r r i u o ó e a e l n l a r e t n b s a t r n e i c l e r r l o a o g n m r y o t e a t c r d e o a a n s n s e p i r n o o s r c e t o o rc l n o io r t n r c a e a s s r e r b r o o r c i e ll r a í n a t c e o s n detalles distintivos n n n n n C C o o m nt p r S A L A o u u i l s s l e t c i t d s a r e e t t d e s m e a o e n a d a r s l c a e t t i d a a a d t e s b r e d á m a i e l a f u i i d a b f c t r n a o o o e d t m r n c e d r ( a n á o E u d t i S m z i o c C a a i d e ) e s n o n t r o e v d e e r s c a arril (alerta y ayuda) n n n n n,,,manual
FORD,"Panel de instrumentos digital color de 8""",tablero_digital,8,reglas
FORD,Panel de instrumentos digital full LED,tablero_digital,,reglas
FORD,Pantalla todoterreno,pantalla_multimedia,,reglas
FORD,"Pantalla táctil de 13,2” con SYNC 4 compatible con Apple CarPlay & Android Auto Wireles",carplay_android,,reglas
FORD,"Pantalla táctil de 13,2” con SYNC 4 compatible con Apple CarPlay & Android Auto Wireles",pantalla_multimedia,,reglas
FORD,Paragolpe trasero color gris oscuro,,,ninguna
FORD,Paragolpe trasero color gris satinado,,,ninguna
FORD,Paragolpe trasero color negro,,,ninguna
FORD,Paragolpe trasero cromado,,,ninguna
FORD,Paragolpes frontal color carrocería,,,ninguna
FORD,Paragolpes frontal color negro,,,ninguna
FORD,Paragolpes frontal color negro con placa de acero de alta resistencia,,,ninguna
FORD,Paragolpes trasero color carrocería,,,ninguna
FORD,Paragolpes trasero color negro,,,ninguna
FORD,Parasoles de conductor y acompañante con espejo de cortesía y luz,,,ninguna
FORD,Parrilla con barra transversal color gris oscuro,,,ninguna
FORD,Parrilla con barra transversal color gris satinado,,,ninguna
FORD,Parrilla con barra transversal color negro,,,ninguna
FORD,Parrilla con barra transversal cromada,,,ninguna
FORD,Parrilla delantera con barra transversal y grilla cromada n Sistema de información de punto ciego (BLIS),punto_ciego,,reglas
FORD,Parrilla delantera con detalles naranja cobre,,,ninguna
FORD,Peso Bruto Total (Kg),,,ninguna
FORD,Peso Bruto Total (Kg) 3500 Programa electrónico de estabilidad (ESP),,,ninguna
FORD,Peso Máximo Bruto total eje delantero 1321 Control de Tracción (BTCS),,,ninguna
FORD,Peso Máximo Bruto total eje trasero 998 Control de Carga Adaptativo (LAC),,,ninguna
FORD,Peso bruto total (Kg),,,ninguna
FORD,Peso en orden de marcha (Kg),,,ninguna
FORD,Peso en orden de marcha (Kg) 2319 Control electrónico antivuelco (RSC),,,ninguna
FORD,Peso en orden de marcha (kg),,,ninguna
FORD,Piso de goma lavable en plazas delanteras y traseras,,,ninguna
FORD,Plazas delanteras calefaccionadas y refrigeradas,asientos_calefaccionados,,gemini
FORD,Portón de caja con asistencia,,,ninguna
FORD,Portón de caja con manija iluminada,,,ninguna
FORD,Portón trasero con doble apertura,,,ninguna
FORD,Potencia (CV) 300 @5650 Asientos rebatibles 60/40 (segunda fila),,,ninguna
FORD,Potencia Máxima (CV / rpm),,,ninguna
FORD,Potencia Máxima del Motor de Combustión Interna (CV @ RPM),,,ninguna
FORD,Potencia máxima combinada (CV / rpm),,,ninguna
FORD,Potencia máxima del motor de combustión interna (CV / rpm),,,ninguna
FORD,Potencia máxima del motor electrico (CV / rpm),,,ninguna
FORD,Protección de bajos,,,ninguna
FORD,Protección inferior de motor metalizado,,,ninguna
FORD,Protector de caja de carga Flex Bed con ganchos de anclaje,,,ninguna
FORD,Protector de la caja de transferencia,,,ninguna
FORD,Protector del tanque de combustible,,,ninguna
FORD,Puerto USB delantero y trasero,usb_traseros,,reglas
FORD,Puntos de anclaje en el portón trasero,,,ninguna
FORD,Relación 3.15:1 Sistema de audio con radio AM/FM,,,ninguna
FORD,Relación de compresión,,,ninguna
FORD,Reserva de turnos de servicios en línea con Pickup & Delivery,,,ninguna
FORD,Reserva de turnos de servicios en línea con Pickup and Delivery,,,ninguna
FORD,Rueda de auxilio,,,ninguna
FORD,Rueda de auxilio temporal,,,ninguna
FORD,"S W is ir t e e l m es a s , d c e o c n o t n ro e l c p ti o v r i d v a o d z , c B o l n u p et a o n o t t a h ll y a p M u u e l r t t i- o F s u U n S c B ió . n LCD táctil de 8"" compatible con Android Auto y Apple Car Play",carplay_android,,reglas
FORD,SUSPENSIÓN Porta objetos con tapa incorporado al tablero n /,,,ninguna
FORD,"Selector de cambios rotativo ""Rotary Shifter""",,,ninguna
FORD,"Selector de transmisión ""E-Shifter""",,,ninguna
FORD,"Selector de transmisión ""Rotary Shifter""",,,ninguna
FORD,Sensores de estacionamiento delanteros,sensores_delanteros,,reglas
FORD,Sensores de estacionamiento trasero,sensores_traseros,,reglas
FORD,Sensores de estacionamiento traseros,sensores_traseros,,reglas
FORD,Sin espejos (mm),,,ninguna
FORD,Sistema Auto Start / Stop,,,ninguna
FORD,Sistema antibloqueo de frenos (ABS),,,ninguna
FORD,"Sistema de Gestión de Terrenos con modos de manejo (normal, eco, deportivo, remolcar y resbaladizo)",,,ninguna
FORD,Sistema de Información de punto ciego (BLIS),punto_ciego,,reglas
FORD,Sistema de Información de punto ciego (BLIS) con alerta de tráfico cruzado,punto_ciego,,reglas
FORD,Sistema de Información de punto ciego (BLIS) con alerta de tráfico cruzado,trafico_cruzado,,reglas
FORD,Sistema de alerta de tráfico cruzado,trafico_cruzado,,reglas
FORD,Sistema de anclaje ISOFIX,isofix,,reglas
FORD,Sistema de anclajes ISOFIX,isofix,,reglas
FORD,Sistema de audio con 4 parlantes,,,ninguna
FORD,Sistema de audio con 6 parlantes,,,ninguna
FORD,Sistema de audio con controles al volante y 6 parlantes,,,ninguna
FORD,Sistema de audio con controles al volante y 8 parlantes,,,ninguna
FORD,"Sistema de audio premium ""Bang & Olufsen"" con 8 parlantes + subwoofer",audio_premium,,reglas
FORD,Sistema de audio premium con controles al volante y 10 parlantes con subwoofer,audio_premium,,reglas
FORD,Sistema de centrado de carril,mantenimiento_carril,,reglas
FORD,Sistema de control de estabilidad al rolido (RSC),control_estabilidad,,reglas
FORD,"Sistema de frenado post-colisión con activación automática de balizas, bocina y desbloqueo de puertas",,,ninguna
FORD,Sistema de gestión de terrenos (3 modos),,,ninguna
FORD,Sistema de gestión de terrenos (4 modos),,,ninguna
FORD,Sistema de gestión de terrenos (6 modos),,,ninguna
FORD,Sistema de información de punto ciego (BLIS) con alerta de tráfico cruzado,punto_ciego,,reglas
FORD,Sistema de información de punto ciego (BLIS) con alerta de tráfico cruzado,trafico_cruzado,,reglas
FORD,"Sistema de luces de acompañamiento ""Follow me Home""",,,ninguna
FORD,Sistema de mantenimiento de carril,mantenimiento_carril,,reglas
FORD,Sistema de mantenimiento de carril (Lane Keeping Aid),mantenimiento_carril,,reglas
FORD,Sistema de monitoreo de presión de neumaticos (TPMS),presion_neumaticos,,reglas
FORD,Sistema de monitoreo de presión de neumáticos,presion_neumaticos,,reglas
FORD,Sistema de suspensión especial off-road,,,ninguna
FORD,"Sistema multimedia SYNC Touch con pantalla Multi-Táctil de 12,3"", control por voz, Bluetooth y puertos USB",pantalla_multimedia,12.3,reglas
FORD,Start & Stop,,,ninguna
FORD,Suspensión,,,ninguna
FORD,"Suspensión delantera Independ a i m en o t r e t i c g o u n a d d o o r b e l s e t b e r l a e z s o có d p e i c s o u s s y p e b n a s r i r ó a n e , s r t e a s b o i r li t z e a s d h o e r l a icoidales, I G lu u m an in te a r c a ió r n e f a r m ige b r ie a n d t a a e l iluminada n",,,ninguna
FORD,"Sync 4 con pantalla multitáctil de 10"" compatible con Android Auto® y Apple Car Play® inalámbrico",carplay_android,,reglas
FORD,"Sync 4 con pantalla multitáctil de 10"" compatible con Android Auto® y Apple Car Play® inalámbrico",carplay_inalambrico,,reglas
FORD,"Sync 4 con pantalla multitáctil de 10"" compatible con Android Auto® y Apple Car Play® inalámbrico",pantalla_multimedia,10,reglas
FORD,"Sync 4 con pantalla multitáctil de 12"" compatible con Android Auto® y Apple Car Play® inalámbrico",carplay_android,,reglas
FORD,"Sync 4 con pantalla multitáctil de 12"" compatible con Android Auto® y Apple Car Play® inalámbrico",carplay_inalambrico,,reglas
FORD,"Sync 4 con pantalla multitáctil de 12"" compatible con Android Auto® y Apple Car Play® inalámbrico",pantalla_multimedia,12,reglas
FORD,TRANSMISIÓN Luz en área de carga,,,ninguna
FORD,"Tablero de instrumentos con pantalla digital de 8""",tablero_digital,8,reglas
FORD,Tapizado de asientos de eco-cuero,asientos_cuero,,reglas
FORD,Tapizado de asientos en cuero micro-perforado de diseño exclusivo Platinum en tono claro,asientos_cuero,,reglas
FORD,Tapizado de asientos en cuero micro-perforado en tono oscuro,asientos_cuero,,reglas
FORD,Tapizado de asientos en tela,,,ninguna
FORD,Tapizados,,,ninguna
FORD,Techo panorámico corredizo de doble panel n Frontales,techo_solar,,reglas
FORD,Techo pintado en negro (bi-tono),techo_bitono,,reglas
FORD,Techo solar,techo_solar,,reglas
FORD,Techo solar con apertura y cierre eléctrico,techo_solar,,reglas
FORD,Techo solar panorámico con apertura y cierre eléctrico,techo_solar,,reglas
FORD,Tecnología Auto Start/Stop,,,ninguna
FORD,"Tecnología arranque sin llave ""Ford Power""",arranque_boton,,reglas
FORD,Tercer cinturón inercial trasero,,,ninguna
FORD,Tipo,,,ninguna
FORD,Tipo / Velocidades,,,ninguna
FORD,Tipo 235/65 R16 Distribución electrónica del frenado (EBD),llantas,16,gemini
FORD,Tipo Piñón y cremallera con asistencia eléctrica Porta botellas de 2lts (2) / Posavasos (2),,,ninguna
FORD,Toma de 120V con Inverter de 400W en caja de carga y en plaza traseras,,,ninguna
FORD,Tonalizado de cristales en plazas traseras,,,ninguna
FORD,Torque (Nm / rpm),,,ninguna
FORD,Torque Máximo (Nm / rpm),,,ninguna
FORD,Torque Máximo del Motor de Combustión Interna (Nm @ RPM),,,ninguna
FORD,Torque maximo combinado (Nm / rpm),,,ninguna
FORD,Torque máximo motor de combustión interna (Nm / rpm),,,ninguna
FORD,Torque máximo motor electrico (Nm / rpm),,,ninguna
FORD,Tracción,traccion_4x4,,reglas
FORD,Tracción 4x4 Palanca de cambios forrada en cuero,traccion_4x4,,reglas
FORD,Trail Control 1 Pedal,,,ninguna
FORD,Transmisión,,,ninguna
FORD,Transmisión AT 10 velocidades Volante regulable en altura y profundidad,,,ninguna
FORD,Trasera,,,ninguna
FORD,Traseros,,,ninguna
FORD,Trocha delantera 1732 Ópticas con temporizador - “Follow me home”,,,ninguna
FORD,Trocha trasera 1743 Levantavidrios delanteros eléctricos con sistema “one touch” para conductor,pantalla_multimedia,,reglas
FORD,Ventanas oscurecidas (Privacy Glass) en portón y plazas traseras,,,ninguna
FORD,Versión,,,ninguna
FORD,Volante calefaccionado,,,ninguna
FORD,Volante forrado en cuero,volante_cuero,,reglas
FORD,Volante multifuncion,,,ninguna
FORD,"Volante multifunción con comandos de audio, computadora de abordo y teléfono",,,ninguna
FORD,Volante multifunción forrado en cuero,volante_cuero,,reglas
FORD,"Volante multifunción forrado en cuero equipado con comandos de audio, computadora de abordo y teléfono",volante_cuero,,reglas
FORD,Volante multifunción regulable en altura y profundidad,,,ninguna
FORD,Válvulas,,,ninguna
FORD,Válvulas 4 por cilindro Asientos y volante tapizados en cuero,,,ninguna
FORD,Zocalo interior con logo Platinum,,,ninguna
FORD,calefaccionados y luz de charco Sistema de frenado post colisión,,,ninguna
FORD,n : Disponible de serie Sistema de control de presión de los neumáticos,presion_neumaticos,,reglas
FORD,Ángulo de ataque,,,ninguna
FORD,Ángulo de salida,,,ninguna
FORD,Ángulo ventral,,,ninguna
FORD,Ángulo ventral 21.90° Sistema de arranque remoto (FordPass),conectividad_remota,,reglas
FORD,✓ ✓,,,ninguna
HAVAL,225/55R18,llantas,18,gemini
HAVAL,4 altavoces de tono alto 4 altavoces de tono bajo DTS + Subwoofer,,,ninguna
HAVAL,ACC (Control crucero adaptativo) + Stop & Go,crucero_adaptativo,,reglas
HAVAL,ACC+asistencia inteligente de crucero+asistencia inteligente para giros,crucero_adaptativo,,reglas
HAVAL,"AEB-Frenado autónomo de emergencia con detección de vehículos,",frenado_autonomo,,reglas
HAVAL,AQS (Sistema de gestión de la calidad del aire),,,ninguna
HAVAL,Advertencia de apertura de puertas (DOW),,,ninguna
HAVAL,Advertencia de colisión frontal (FCW),,,ninguna
HAVAL,Advertencia de colisión trasera (RCW),,,ninguna
HAVAL,Advertencia de salida de carril (LDW),,,ninguna
HAVAL,Agarradera de techo,,,ninguna
HAVAL,Airbags de cortina laterales,airbags_laterales,,reglas
HAVAL,Airbags de cortina laterales,airbags_cortina,,reglas
HAVAL,Airbags laterales delanteros,airbags_laterales,,reglas
HAVAL,Alerta de punto ciego (BSD) + Asistente de cambio de carril,punto_ciego,,reglas
HAVAL,Alerta de tráfico cruzado trasero con frenado de emergencia (RCTA+RCTB),trafico_cruzado,,reglas
HAVAL,Anclajes ISOFIX en plazas traseras,isofix,,reglas
HAVAL,Antena de radio tipo aleta de tiburón en el techo,,,ninguna
HAVAL,Antena de tiburón,,,ninguna
HAVAL,Apertura eléctrica del tanque de combustible,,,ninguna
HAVAL,Apoyabrazos central trasero con portavasos,,,ninguna
HAVAL,Apoyabrazos delantero central,,,ninguna
HAVAL,Apple Car Play & Android Auto,carplay_android,,reglas
HAVAL,Asiento de cuero,asientos_cuero,,reglas
HAVAL,Asiento del conductor ajustable eléctricamente en 6 direcciones,asiento_electrico,,reglas
HAVAL,Asiento del conductor ajustable eléctrico en 6 direcciones,asiento_electrico,,reglas
HAVAL,Asiento del conductor eléctrico bidireccional con ajuste lumbar,asiento_electrico,,reglas
HAVAL,Asiento del conductor ventilado,,,ninguna
HAVAL,Asiento del pasajero ajustable eléctrico en 4 direcciones,asiento_electrico,,reglas
HAVAL,Asiento del pasajero delantero eléctrico de 4 posiciones,asiento_electrico,,reglas
HAVAL,Asientos delanteros calefaccionados,asientos_calefaccionados,,reglas
HAVAL,Asientos delanteros calefaccionados y ventilados,asientos_calefaccionados,,reglas
HAVAL,Asientos traseros abatibles 60/40,,,ninguna
HAVAL,Asientos traseros plegables separados 6:4,,,ninguna
HAVAL,Asistencia de mantenimiento de carril (LKA),mantenimiento_carril,,reglas
HAVAL,Asistencia en atascos de tráfico (TJA),,,ninguna
HAVAL,Asistente de centrado de carril (LCK),mantenimiento_carril,,reglas
HAVAL,Asistente de mantenimiento de carril de emergencia (ELK),mantenimiento_carril,,reglas
HAVAL,Aviso de luces encendidas,,,ninguna
HAVAL,Ayuda de arranque en pendiente (HHC),arranque_pendiente,,reglas
HAVAL,Ayuda de descenso en pendiente (HDC),,,ninguna
HAVAL,BA (Asistencia de frenado),,,ninguna
HAVAL,Botón de arranque (Start Stop),arranque_boton,,reglas
HAVAL,Botón keyless de encendido y apagado del auto,llave_presencia,,reglas
HAVAL,Cabina de equipaje 12V de energía,,,ninguna
HAVAL,Carga inalámbrica para celulares,cargador_inalambrico,,reglas
HAVAL,Cargador inalámbrico,cargador_inalambrico,,reglas
HAVAL,Carplay Android Auto,carplay_android,,reglas
HAVAL,Cerradura de puerta central con sensor de velocidad,,,ninguna
HAVAL,Cerradura de puerta central de control remoto,,,ninguna
HAVAL,Cerradura de seguridad a prueba de niños,,,ninguna
HAVAL,Cierre centralizado,,,ninguna
HAVAL,Cierre de vidrios desde llave,,,ninguna
HAVAL,Cinturones de seguridad de 3 puntos en 2da fila de asientos,,,ninguna
HAVAL,Cinturones de seguridad delanteros con pretensor,,,ninguna
HAVAL,Cinturones delanteros de tres puntas con pretensores y limitador de fuerza,,,ninguna
HAVAL,Cinturones traseros de tres puntas con pretensores y limitador de fuerza,,,ninguna
HAVAL,Climatizador automático bizona,climatizador_automatico,,reglas
HAVAL,Climatizador automático bizona,climatizador_bizona,,reglas
HAVAL,Climatizador bizona automático,climatizador_automatico,,reglas
HAVAL,Climatizador bizona automático,climatizador_bizona,,reglas
HAVAL,Columana de dirección ajustable en cuatro direcciones,,,ninguna
HAVAL,Columna de dirección de absorción de energía,,,ninguna
HAVAL,Comando por Voz,,,ninguna
HAVAL,Computadora de abordo,,,ninguna
HAVAL,Conducción One Pedal,,,ninguna
HAVAL,Control de estabilidad electrónico (ESC),control_estabilidad,,reglas
HAVAL,Control de tracción (TCS),,,ninguna
HAVAL,Control de velocidad crucero,crucero,,reglas
HAVAL,Cubierta de equipaje,,,ninguna
HAVAL,Cámarade visión periférica 360°,camara_360,,reglas
HAVAL,DOW (Advertencia de puerta abierta),,,ninguna
HAVAL,DRL,luces_diurnas,,reglas
HAVAL,Desbloqueo automático de puertas en caso de colisión,,,ninguna
HAVAL,Desempañado automático en parabrisas delantero,,,ninguna
HAVAL,Desempañador por líneas térmicas (luneta trasera),,,ninguna
HAVAL,Detección de punto ciego + Asistencia de cambio de carril,punto_ciego,,reglas
HAVAL,Doble airbag + airbags laterales + airbags cortina,airbags_laterales,,reglas
HAVAL,Doble airbag + airbags laterales + airbags cortina,airbags_cortina,,reglas
HAVAL,Doble airbag frontal,airbags_frontales,,reglas
HAVAL,ESP (Sistema de estabilidad),control_estabilidad,,reglas
HAVAL,Enlace de manos libres Bluetooth,,,ninguna
HAVAL,Espejo retrovisor externo ajustable eléctricamente,,,ninguna
HAVAL,Espejo retrovisor interior manual,,,ninguna
HAVAL,Espejo retrovisor plegable eléctricamente con luz de giro,espejos_rebatibles,,reglas
HAVAL,Espejos de cortesia con iluminación,,,ninguna
HAVAL,Espejos exteriores con ajuste eléctrico y luces de giro,,,ninguna
HAVAL,Espejos exteriores con plegado électrico y automático,espejos_rebatibles,,gemini
HAVAL,Espejos exteriores de color negro brillante,,,ninguna
HAVAL,Estacionamiento automático,estacionamiento_asistido,,reglas
HAVAL,Estacionamiento autónomo,estacionamiento_asistido,,gemini
HAVAL,FCW (Advertencia de colisiónfrontal) + AEB (Frenado autónomo de emergencia),frenado_autonomo,,reglas
HAVAL,Faros LED,faros_led,,reglas
HAVAL,Faros antiniebla delanteros con función de iluminación direccional,faros_antiniebla,,reglas
HAVAL,Faros antiniebla traseros LED,faros_antiniebla,,reglas
HAVAL,Faros delanteros LED,faros_led,,reglas
HAVAL,"Faros delanteros automáticos función ""Follow me home""",,,ninguna
HAVAL,Faros delanteros con ajuste de altura eléctrica,,,ninguna
HAVAL,Filtro de habitáculoz,,,ninguna
HAVAL,Follow-me home,,,ninguna
HAVAL,Freno de mano electrónico,freno_mano_electrico,,gemini
HAVAL,Freno de mano eléctrico (EPB),freno_mano_electrico,,reglas
HAVAL,Frenos ABS+EBD,,,ninguna
HAVAL,Función de apagado y encendido automático del motor,,,ninguna
HAVAL,Función de búsqueda de auto,,,ninguna
HAVAL,Función de desbloqueo automático de accidentes,,,ninguna
HAVAL,Función de localización de automóviles,,,ninguna
HAVAL,Grabadora de datos ante accidentes (EDR),,,ninguna
HAVAL,HDC (Control de descensode pendientes),,,ninguna
HAVAL,HHC (Control de asistencia de arranque en pendiente),arranque_pendiente,,reglas
HAVAL,ICA (Asistencia Inteligente en cruceros),,,ninguna
HAVAL,Iluminación interior multicolor configurable,,,ninguna
HAVAL,Indicador de temperatura exterior,,,ninguna
HAVAL,Inmobilizador del motor,,,ninguna
HAVAL,Inmovilizador de motor,,,ninguna
HAVAL,Instrumentos de brillo ajustable,,,ninguna
HAVAL,LDW (Advertencia de cambio de carril),mantenimiento_carril,,gemini
HAVAL,LKA (Asistencia para mantenerse en el carril),mantenimiento_carril,,gemini
HAVAL,Lector de señales de tránsito + asistencia de velocidad inteligente,,,ninguna
HAVAL,Limitador de velocidad inteligente (IACC),limitador_velocidad,,reglas
HAVAL,Limpia-lava lunetas,,,ninguna
HAVAL,Limpiaparabrisas delantero,,,ninguna
HAVAL,Limpiaparabrisas delantero sin marcoa,,,ninguna
HAVAL,Limpiaparabrisas trasero,,,ninguna
HAVAL,Llantas de aleación,llantas_aleacion,,reglas
HAVAL,Llantas de aleación,llantas,,reglas
HAVAL,Llave inteligente (2),llave_presencia,,reglas
HAVAL,Luces de circulación diurna,luces_diurnas,,reglas
HAVAL,Luces de niebla trasera,,,ninguna
HAVAL,Luz de ambiente de un solo color,,,ninguna
HAVAL,Luz de baúl,,,ninguna
HAVAL,Luz de freno de alto nivel,,,ninguna
HAVAL,Luz de techo lateral,,,ninguna
HAVAL,Luz trasera LED,,,ninguna
HAVAL,Luz trasera en baúl,,,ninguna
HAVAL,Manijas exteriores de color negro brillante,,,ninguna
HAVAL,"Modos de conducción seleccionable (Eco, Normal, Sport, Snow)",,,ninguna
HAVAL,Modos de dirección (seleccionable),,,ninguna
HAVAL,Monitor de fatiga del conductor (DFMS),alerta_fatiga,,reglas
HAVAL,Panel de instrumentos digital (LCD),tablero_digital,,reglas
HAVAL,"Pantalla de información de 10,25""",pantalla_multimedia,10.25,reglas
HAVAL,"Pantalla multimedia de 12.3""",pantalla_multimedia,12.3,reglas
HAVAL,"Pantalla multitáctil de colores de 14,6""",pantalla_multimedia,14.6,reglas
HAVAL,Parabrisas trasero con función de descongelación,,,ninguna
HAVAL,Parasol con espejo de tocador y luz,,,ninguna
HAVAL,Portaequipajes de techo,barras_techo,,reglas
HAVAL,Portavasos delantero,,,ninguna
HAVAL,Prevención electrónica de bloqueo accidental,,,ninguna
HAVAL,Protección de bajos,,,ninguna
HAVAL,Puerta trasera eléctrica con cierre retardado y función memoria,porton_electrico,,gemini
HAVAL,Puertos de carga USB 2 delanteros + 2 traseros,usb_traseros,,reglas
HAVAL,Purificador de aire de aniones,,,ninguna
HAVAL,RCW (Advertencia de colisión trasera),,,ninguna
HAVAL,RMI (Intervención de movimiento de rolido),,,ninguna
HAVAL,Radio con AM/FM,,,ninguna
HAVAL,Reposabrazos central de asientos de la segunda fila con portavasos (abierto),,,ninguna
HAVAL,Reposabrazos central delantero,,,ninguna
HAVAL,Reposacabezas central trasero,,,ninguna
HAVAL,Rieles de techo,barras_techo,,gemini
HAVAL,SCM (Mitigación de colisión secundaria),,,ninguna
HAVAL,Salida de aire de las segundas filas,salidas_aire_traseras,,gemini
HAVAL,Salida de aire para la 2da fila,salidas_aire_traseras,,gemini
HAVAL,Sensor crepuscular + sensor de lluvia,sensor_lluvia,,reglas
HAVAL,Sensor crepuscular + sensor de lluvia,luces_automaticas,,reglas
HAVAL,Sensor de lluvia,sensor_lluvia,,reglas
HAVAL,Sensor trasero (6) y delantero (6),sensores_traseros,,gemini
HAVAL,Sensor trasero (6) y delantero (6),sensores_delanteros,,gemini
HAVAL,Sistema de advertencia de cinturón de seguridad delantero desabrochado,,,ninguna
HAVAL,Sistema de advertencia de cinturón delantero desabrochado,,,ninguna
HAVAL,Sistema de advertencia de luces encendidas,,,ninguna
HAVAL,Sistema de advertencia de puerta entreabierta,,,ninguna
HAVAL,Sistema de alarma anti robo,,,ninguna
HAVAL,Sistema de alarma antirrobo,,,ninguna
HAVAL,Sistema de alarma por puerta abierta,,,ninguna
HAVAL,Sistema de anulación de frenos,,,ninguna
HAVAL,Sistema de asistencia de estacionamiento,estacionamiento_asistido,,gemini
HAVAL,Sistema de asistencia de frenado (BA),,,ninguna
HAVAL,Sistema de audio DTS de 6 altavoces,audio_premium,,gemini
HAVAL,Sistema de corte de combustible en caso de colisión,,,ninguna
HAVAL,Sistema de cámaras HD 360°,camara_360,,reglas
HAVAL,Sistema de entrada sin llave,llave_presencia,,gemini
HAVAL,Sistema de fijación ISO-FIX de asientos para niños,isofix,,gemini
HAVAL,Sistema de mitigación de segunda colisión (SCM),,,ninguna
HAVAL,Sistema de mitigación de vuelcos (RMI),,,ninguna
HAVAL,Sistema de monitoreo de presión de neumáticos (TPMS),presion_neumaticos,,reglas
HAVAL,Sistema manos libres Bluetoot,,,ninguna
HAVAL,Smart Keys (dos),llave_presencia,,gemini
HAVAL,Sonda de radar frontal,,,ninguna
HAVAL,TCS (Sistema de control de tracción),,,ninguna
HAVAL,TJA (Asistencia en congestión de tránsito),,,ninguna
HAVAL,TPMS (Sistema de control de presión de neumáticos),presion_neumaticos,,reglas
HAVAL,TSR ( Reconocimiento de señales de tráfico),,,ninguna
HAVAL,Tapizados de cuero,asientos_cuero,,reglas
HAVAL,Tapizados de cuero en color negro,asientos_cuero,,reglas
HAVAL,Techo panorámico con apertura Pivot,techo_solar,,reglas
HAVAL,Techo panorámico corredizo eléctricamente,techo_solar,,reglas
HAVAL,Tercera luz de stop LED,,,ninguna
HAVAL,Toma de 12V en plaza delantera,,,ninguna
HAVAL,Toma de corriente frontales de 12 V,,,ninguna
HAVAL,Traba de dirección,,,ninguna
HAVAL,Traba para niños,,,ninguna
HAVAL,USB frontal (con transmisión de datos),,,ninguna
HAVAL,USB trasero (sin transmisión de datos),usb_traseros,,reglas
HAVAL,Vidrio del conductor one touch con antitrapping,pantalla_multimedia,,reglas
HAVAL,Vidrios one touch con antipinzamiento X4,pantalla_multimedia,,reglas
HAVAL,Volante ajustable manualmente en 4 direcciones,,,ninguna
HAVAL,Volante forrado en cuero,volante_cuero,,reglas
HAVAL,Volante multifunción forrado en cuero,volante_cuero,,reglas
HAVAL,W-HUD (tablero de instrumentos se refleja en parabrisas),tablero_digital,,reglas
HONDA,ANTENA EN EL TECHO DEL TIPO ALETA DE TIBURÓN,,,ninguna
HONDA,APOYACABEZAS EN TODAS LAS PLAZAS (5),,,ninguna
HONDA,ASIENTO TRASERO CON SISTEMA ULT (UTILITY LONG TALL),,,ninguna
HONDA,CLIMATIZADOR DIGITAL CON AJUSTE AUTOMÁTICO DE TEMPERATURA,climatizador_automatico,,reglas
HONDA,CONTROL VELOCIDAD CRUCERO,crucero,,reglas
HONDA,COSMIC BLUE METALLIC,,,ninguna
HONDA,ENLACE MANOS LIBRES (HANDS FREE LINK®) POR BLUETOOTH®,,,ninguna
HONDA,ESPEJOS LATERALES CON LUCES DE LED INTERMITENTES,,,ninguna
HONDA,ESPEJOS RETROVISORES LATERALES CON AJUSTE ELÉCTRICO,,,ninguna
HONDA,ESPEJOS RETROVISORES LATERALES CON FUNCIÓN REVERSE AUTO TILT DOWN,,,ninguna
HONDA,ESTRUCTURA DE DEFORMACIÓN PROGRESIVA CON INGENIERÍA DE COMPATIBILIDAD AVANZADA (ACE™),,,ninguna
HONDA,FAROS ANTINIEBLAS DELANTEROS LED,faros_antiniebla,,reglas
HONDA,FAROS DELANTEROS CON TECNOLOGÍA FULL LED,faros_led,,reglas
HONDA,"INSTRUMENTAL TFT DE ALTA RESOLUCIÓN (THIN-FILM TRANSISTOR) - 7""",tablero_digital,7,gemini
HONDA,"LLANTAS DE ALEACIÓN R17"" DOBLE TONO DE COLOR GRIS",llantas_aleacion,,reglas
HONDA,"LLANTAS DE ALEACIÓN R17"" DOBLE TONO DE COLOR GRIS",llantas,17,reglas
HONDA,METEOROID GRAY METALLIC,,,ninguna
HONDA,PESO EN ORDEN DE MARCHA (KG),,,ninguna
HONDA,SENSORES DE ESTACIONAMIENTO DELANTEROS,sensores_delanteros,,reglas
HONDA,SISTEMA DE AUDIO CON 4 PARLANTES,,,ninguna
HONDA,SISTEMA DE FRENADO CON MITIGACIÓN DE COLISIÓN (CMBS),frenado_autonomo,,gemini
HONDA,SISTEMA DE MITIGACIÓN DE SALIDA DE CARRIL (RDM),mantenimiento_carril,,gemini
HONDA,SISTEMA DIFUSOR DE AIRE ACONDICIONADO,aire_acondicionado,,gemini
HONDA,SISTEMA HONDA LANEWATCH™ - CÁMARA PARA REDUCCIÓN DE PUNTO CIEGO,punto_ciego,,reglas
HONDA,TAPIZADO DE CUERO ECOLÓGICO,asientos_cuero,,reglas
HONDA,TAPIZADO DE TELA NEGRO,,,ninguna
HYUNDAI,"4 modos de manejo (Normal, Sport, Eco, Smart)",,,ninguna
HYUNDAI,5 Cinturones de seguridad de 3 puntos,,,ninguna
HYUNDAI,"Airbags conductor, acompañante, laterales y de tipo cortina",airbags_cortina,,reglas
HYUNDAI,"Airbags frontales (2), laterales (2) y de cortina delantero y trasero (2)",airbags_frontales,,reglas
HYUNDAI,"Airbags frontales (2), laterales (2) y de cortina delantero y trasero (2)",airbags_laterales,,reglas
HYUNDAI,"Airbags frontales (2), laterales (2) y de cortina delantero y trasero (2)",airbags_cortina,,reglas
HYUNDAI,Aire acondicionado,aire_acondicionado,,reglas
HYUNDAI,Alarma perimetral,,,ninguna
HYUNDAI,Alerta de apertura de puertas seguro (SEW),,,ninguna
HYUNDAI,Alerta de colocación de cinturón de seguridad de conductor y acompañante,,,ninguna
HYUNDAI,Alerta de hielo en calzada,,,ninguna
HYUNDAI,Alerta de ocupación de plazas traseras (ROA),,,ninguna
HYUNDAI,Alerta de olvido de pasajero trasero (ROA),,,ninguna
HYUNDAI,Alerta de presión de neumáticos (TPMS),presion_neumaticos,,reglas
HYUNDAI,Alerta sonora y visual de puerta mal cerrada,,,ninguna
HYUNDAI,"Alerta y frenado autónomo (FCA) con reconocimiento de vehículos, peatones y ciclistas",frenado_autonomo,,reglas
HYUNDAI,Alerta y frenado autónomo de trafico trasero (RCCA),frenado_autonomo,,reglas
HYUNDAI,Apertura interna de tanque de nafta,,,ninguna
HYUNDAI,Apoyabrazos central delantero,,,ninguna
HYUNDAI,Apoyabrazos revestido en cuero,,,ninguna
HYUNDAI,Apoyacabezas en las 5 plazas,,,ninguna
HYUNDAI,Arranque por botón,arranque_boton,,reglas
HYUNDAI,Asiento de conductor regulable en altura,,,ninguna
HYUNDAI,Asientos tapizados en cuero sintético,asientos_cuero,,reglas
HYUNDAI,Asientos traseros plegables 60/40,,,ninguna
HYUNDAI,Asistencia de arranque en pendiente (HAC),arranque_pendiente,,reglas
HYUNDAI,Asistente de centrado de carril (LFA),mantenimiento_carril,,reglas
HYUNDAI,Asistente de frenado en pendientes (HAC),arranque_pendiente,,gemini
HYUNDAI,Asistente de luces altas (HBA),luces_altas_automaticas,,gemini
HYUNDAI,Asistente de punto ciego (BCA),punto_ciego,,reglas
HYUNDAI,Asistente y mantenimiento de carril (LKA),mantenimiento_carril,,reglas
HYUNDAI,Aviso de cinturón de seguridad no abrochado en las cinco plazas,,,ninguna
HYUNDAI,Barras de protección lateral en puertas,,,ninguna
HYUNDAI,Barras de techo,barras_techo,,reglas
HYUNDAI,Baúl iluminado,,,ninguna
HYUNDAI,Butaca de conductor regulable en altura,,,ninguna
HYUNDAI,Butaca de conductor ventilada,,,ninguna
HYUNDAI,Cargador inalámbrico de celular,cargador_inalambrico,,reglas
HYUNDAI,Cargador inalámbrico de teléfono móvil,cargador_inalambrico,,reglas
HYUNDAI,Cierre remoto de ventanillas con la llave con función de cierre automático,,,ninguna
HYUNDAI,Cierre y apertura remota de ventanillas con la llave,,,ninguna
HYUNDAI,Cinturones de seguridad delanteros regulables en altura con pretensor,,,ninguna
HYUNDAI,Climatizador automático digital bi-zona,climatizador_automatico,,reglas
HYUNDAI,Climatizador automático digital bi-zona,climatizador_bizona,,reglas
HYUNDAI,Columna de dirección colapsable,,,ninguna
HYUNDAI,Columna de dirección regulable en altura y profundidad,,,ninguna
HYUNDAI,Computadora de abordo,,,ninguna
HYUNDAI,Consola central revestida en cuero,,,ninguna
HYUNDAI,Control automático de luces y temporizador de apagado y encendido,luces_automaticas,,gemini
HYUNDAI,Control de estabilidad (ESP),control_estabilidad,,reglas
HYUNDAI,Control de tracción (TCS),,,ninguna
HYUNDAI,Control de velocidad crucero,crucero,,reglas
HYUNDAI,Control de velocidad crucero adaptativo (SCC),crucero_adaptativo,,reglas
HYUNDAI,Control de velocidad crucero con función de limitador de velocidad,crucero,,reglas
HYUNDAI,Control de velocidad crucero con función de limitador de velocidad,limitador_velocidad,,reglas
HYUNDAI,Cámara de visualización de 360° (SVM),camara_360,,reglas
HYUNDAI,Cámara de visualización de marcha atrás con lineas guía dinámicas,camara_trasera,,gemini
HYUNDAI,Cámara trasera,camara_trasera,,reglas
HYUNDAI,"Detalles en cromo satinado en volante, consola y manijas interiores",,,ninguna
HYUNDAI,Dirección asistida eléctricamente (MPDS),,,ninguna
HYUNDAI,"Distribución Electrónica de frenado, ABS, EBD.",,,ninguna
HYUNDAI,Dos puertos USB delanteros (Tradicional y USB-C) y uno trasero (USB-C),usb_traseros,,reglas
HYUNDAI,Espejos exteriores con regulación eléctrica y luz de giro integrada,,,ninguna
HYUNDAI,Espejos exteriores plegables eléctricamente,espejos_rebatibles,,reglas
HYUNDAI,Espejos retrovisores color carrocería con luz de giro,,,ninguna
HYUNDAI,Espejos retrovisores con regulación eléctrica y plegables eléctricamente,espejos_rebatibles,,reglas
HYUNDAI,Estructura de la carrocería con deformación programada,,,ninguna
HYUNDAI,Fijaciones ISOFIX,isofix,,reglas
HYUNDAI,Fijaciones ISOFIX con top tether para sillas de bebé,isofix,,reglas
HYUNDAI,Freno de mano de accionamiento eléctrico,freno_mano_electrico,,gemini
HYUNDAI,Frenos ABS con EBD,,,ninguna
HYUNDAI,Función de freno auto-hold,,,ninguna
HYUNDAI,Indicador de atención del conductor (DAW),alerta_fatiga,,gemini
HYUNDAI,Inmovilizador de motor,,,ninguna
HYUNDAI,Levanta cristales eléctricos delanteros y traseros (auto up/down),,,ninguna
HYUNDAI,Levas de cambio en el volante,levas,,reglas
HYUNDAI,Levas de cambios en el volante,levas,,reglas
HYUNDAI,"Llantas de aleación diamantadas de 17""",llantas_aleacion,,reglas
HYUNDAI,"Llantas de aleación diamantadas de 17""",llantas,17,reglas
HYUNDAI,Llantas de chapa de 15” + tasas plásticas con neumático 185/60 R15,llantas,,reglas
HYUNDAI,Llave de presencia con comando a distancia,llave_presencia,,reglas
HYUNDAI,Llave inteligente (de presencia) con arranque por botón y a distancia,llave_presencia,,reglas
HYUNDAI,Llave inteligente (de presencia) con arranque por botón y a distancia,arranque_boton,,reglas
HYUNDAI,Luces antiniebla,faros_antiniebla,,reglas
HYUNDAI,Luces delanteras con proyector,,,ninguna
HYUNDAI,Luces diurnas (DRL) LED,luces_diurnas,,reglas
HYUNDAI,Luz de frenado de emergencia (ESS),,,ninguna
HYUNDAI,Manijas de puerta color carrocería con detalle cromado,,,ninguna
HYUNDAI,Manijas de puertas interiores y exteriores cromadas,,,ninguna
HYUNDAI,Monitor de cámara de retroceso,camara_trasera,,reglas
HYUNDAI,Monitor de punto ciego (BSRM) en el tablero.,punto_ciego,,reglas
HYUNDAI,Pantalla multimedia de 8 pulgadas + Android Auto/Apple CarPlay,carplay_android,,reglas
HYUNDAI,Pantalla multimedia de 8 pulgadas + Android Auto/Apple CarPlay,pantalla_multimedia,8,reglas
HYUNDAI,Parasoles con luz y espejo,,,ninguna
HYUNDAI,Programa Electrónico de Estabilidad (ESP),control_estabilidad,,reglas
HYUNDAI,Puerto USB de carga rápida en plaza trasera,usb_traseros,,reglas
HYUNDAI,Puertos USB (Tipo A y C) y Salida de 12 V,,,ninguna
HYUNDAI,Salida de aire acondicionado en plazas traseras,salidas_aire_traseras,,gemini
HYUNDAI,Sensor de estacionamiento delantero,sensores_delanteros,,reglas
HYUNDAI,Sensor de estacionamiento trasero,sensores_traseros,,reglas
HYUNDAI,Señal de frenada de emergencia (ESS),,,ninguna
HYUNDAI,"Sistema de Audio AM/FM USB / AUX, Bluetooth, multiconexión y controles en el volante",,,ninguna
HYUNDAI,Sistema de monitoreo de presión de neumáticos (TPMS),presion_neumaticos,,reglas
HYUNDAI,"Tablero digital de 10,25”",tablero_digital,,reglas
HYUNDAI,Tablero “supervision cluster” con pantalla de 4.2 pulgadas,,,ninguna
HYUNDAI,Tapizado de cuero,asientos_cuero,,reglas
HYUNDAI,Techo panorámico de apertura eléctrica,techo_solar,,reglas
HYUNDAI,Traba automática de puertas en marcha. Desbloqueo automático en caso de accidente,,,ninguna
HYUNDAI,Traba de puertas traseras para niños,,,ninguna
HYUNDAI,Trabas de seguridad en puertas traseras,,,ninguna
HYUNDAI,Ventanillas eléctricas con auto up/down y sistema anti pinzamiento,,,ninguna
HYUNDAI,Volante multifunción forrado en cuero,volante_cuero,,reglas
HYUNDAI,Volante revestido en cuero,volante_cuero,,reglas
JEEP,ABS con distribución electrónica de fuerza de freando,,,ninguna
JEEP,ABS con distribución electrónica de fuerza de frenado,,,ninguna
JEEP,ABS con distribución electrónica de fuerza de frenado (EBD),,,ninguna
JEEP,Airbag de rodilla para el conductor,airbag_rodilla,,reglas
JEEP,Airbags de rodilla (conductor),airbag_rodilla,,reglas
JEEP,Airbags frontales delanteros,airbags_frontales,,reglas
JEEP,Airbags laterales delanteros,airbags_laterales,,reglas
JEEP,Airbags laterales tipo cortina delanteros y traseros,airbags_cortina,,reglas
JEEP,Alarma antirobo del tipo perimetral,,,ninguna
JEEP,Alerta de Trafico Cruzado,trafico_cruzado,,reglas
JEEP,Alerta de cambio involuntario de carril,mantenimiento_carril,,gemini
JEEP,Alerta de tráfico cruzado,trafico_cruzado,,reglas
JEEP,Alfombras interiores,,,ninguna
JEEP,Apertura eléctrica de baúl,porton_electrico,,gemini
JEEP,Apoyabrazos central delantero,,,ninguna
JEEP,Apoyabrazos central delantero con insignia 1941,,,ninguna
JEEP,Asiento conductor con regulación eléctrica en 8,asiento_electrico,,reglas
JEEP,Asiento conductor y pasajero con regulación manual,,,ninguna
JEEP,Asiento de conductor con regulación eléctrica,asiento_electrico,,reglas
JEEP,Asiento pasajero con regulación eléctrica en 6 direcciones,asiento_electrico,,reglas
JEEP,Asiento trasero bipartido / rebatible,,,ninguna
JEEP,Asientos tapizados en cuero,asientos_cuero,,reglas
JEEP,Asientos tapizados en cuero ecológico,asientos_cuero,,reglas
JEEP,Asientos tapizados en cuero y alcántara,asientos_cuero,,reglas
JEEP,Asientos tapizados en tela,,,ninguna
JEEP,Asistente de arranque en pendientes,arranque_pendiente,,reglas
JEEP,Asistente de arranque en pendientes (HSA),arranque_pendiente,,reglas
JEEP,Asistente de descenso en pendientes (HDC),,,ninguna
JEEP,Asistente de estacionamiento semi-automático Park,estacionamiento_asistido,,gemini
JEEP,Asistente de estacionamiento semi-automático Park Assist®,estacionamiento_asistido,,reglas
JEEP,Asistente de frenado Pre-colisión,frenado_autonomo,,reglas
JEEP,Asistente de frenado Pre-colisión (Panic Brake Assist),frenado_autonomo,,reglas
JEEP,Auto Hold,,,manual
JEEP,Barras longitudinales portaequipaje,barras_techo,,reglas
JEEP,Cargador de celular inalámbrico,cargador_inalambrico,,reglas
JEEP,Central multimedia Uconnect 10” high,pantalla_multimedia,,reglas
JEEP,"Central multimedia Uconnect® 10,1''",pantalla_multimedia,10.1,reglas
JEEP,Cierre centralizado sensible a la velocidad,,,ninguna
JEEP,Cinturones inerciales de 3 puntas (x5),,,ninguna
JEEP,Climatizador automático bi-zona,climatizador_automatico,,reglas
JEEP,Climatizador automático bi-zona,climatizador_bizona,,reglas
JEEP,Comandos al volante,,,ninguna
JEEP,Comandos satelitales al volante,,,ninguna
JEEP,Computadora de a bordo,,,ninguna
JEEP,Conectividad Apple CarPlay®/Android Auto®,carplay_android,,reglas
JEEP,Conectividad USB A-C/Bluetooth®,,,ninguna
JEEP,Conectividad inalámbrica Apple CarPlay®/Android Auto®,carplay_android,,reglas
JEEP,Conectividad inalámbrica Apple CarPlay®/Android Auto®,carplay_inalambrico,,reglas
JEEP,Control crucero adaptativo c/ Stop&Go,crucero_adaptativo,,reglas
JEEP,Control de estabilidad (ESC),control_estabilidad,,reglas
JEEP,Control de mitigación de rolido (ERM),,,ninguna
JEEP,Control de tracción (TCS),,,ninguna
JEEP,Control de velocidad crucero,crucero,,reglas
JEEP,Control de velocidad crucero con comandos al volante,crucero,,reglas
JEEP,"Cuadro de instrumentos TFT full digital 10,25''",tablero_digital,10.25,reglas
JEEP,Cuadro de instrumentos TFT full digital 7'',tablero_digital,7,reglas
JEEP,Cámara 360º,camara_360,,reglas
JEEP,Cámara de retroceso,camara_trasera,,reglas
JEEP,Detalles exterior en cromado,,,ninguna
JEEP,Detalles exteriores negros,,,ninguna
JEEP,Detector de Fatiga,alerta_fatiga,,reglas
JEEP,Detector de ocupantes,,,ninguna
JEEP,Detector de punto ciego,punto_ciego,,reglas
JEEP,Detector de señales de tránsito,,,ninguna
JEEP,Emblemas oscurecidos,,,ninguna
JEEP,Encendido por botón (Sistema Keyless enter-n-go),llave_presencia,,reglas
JEEP,Encendido por botón (Sistema Keyless enter-n-go),arranque_boton,,reglas
JEEP,Encendido por botón (Sistema Keyless go),llave_presencia,,reglas
JEEP,Encendido por botón (Sistema Keyless go),arranque_boton,,reglas
JEEP,Encendido remoto,conectividad_remota,,gemini
JEEP,Espejo retrovisor interno electrocrómico,espejo_electrocromico,,reglas
JEEP,Espejo retrovisor interno fotocromático,espejo_electrocromico,,reglas
JEEP,Espejos laterales color granite crystal,,,ninguna
JEEP,Espejos laterales color negro,,,ninguna
JEEP,Espejos laterales color negro piano,,,ninguna
JEEP,Espejos laterales con comando interno eléctrico,,,ninguna
JEEP,Espejos laterales en color negro piano,,,ninguna
JEEP,Espejos laterales plegables eléctricamente,espejos_rebatibles,,reglas
JEEP,Espejos laterales regulables con comando eléctrico,,,ninguna
JEEP,Faros Full LED con DRL,faros_led,,reglas
JEEP,Faros Full LED con DRL,luces_diurnas,,reglas
JEEP,Faros Full LED con antiniebla,faros_antiniebla,,reglas
JEEP,Faros antiniebla LED,faros_antiniebla,,reglas
JEEP,Faros antiniebla delanteros y traseros LED,faros_antiniebla,,reglas
JEEP,Faros delanteros Bi-LED,faros_led,,reglas
JEEP,Faros traseros LED,,,manual
JEEP,Fijación de asientos para niños (ISOFIX),isofix,,reglas
JEEP,Freno de estacionamiento eléctrico,freno_mano_electrico,,reglas
JEEP,Función Auto Hold,,,ninguna
JEEP,"Jeep Selec-Terrain® (Sand/Mud, Snow & Auto)",,,manual
JEEP,Jeep Traction Control,,,ninguna
JEEP,Kit de auxilio,,,ninguna
JEEP,Levas al volante,levas,,reglas
JEEP,Luces diurnas DRL,luces_diurnas,,reglas
JEEP,Manijas exteriores color carrocería,,,ninguna
JEEP,Manijas exteriores color negro,,,ninguna
JEEP,Molduras exteriores inferiores color carrocería,,,ninguna
JEEP,Molduras exteriores inferiores color negro,,,ninguna
JEEP,Pintura exterior Bicolor con techo negro,techo_bitono,,reglas
JEEP,Pintura exterior bicolor,techo_bitono,,gemini
JEEP,Repetidor de luz de giro LED en espejos laterales,,,ninguna
JEEP,Revestimiento interior de techo color negro,techo_bitono,,reglas
JEEP,Revestimiento interior de techo en color negro,,,ninguna
JEEP,Rueda de auxilio full size,,,ninguna
JEEP,Rueda de auxilio regular size,,,ninguna
JEEP,Rueda de auxilio temporal,,,ninguna
JEEP,Salida de escape doble,,,ninguna
JEEP,Salidas de ventilación en plazas traseras,salidas_aire_traseras,,gemini
JEEP,Segunda fila de asientos bipartidos reclinables,,,ninguna
JEEP,Segunda fila de asientos bipartidos reclinables con 14cms de,,,ninguna
JEEP,Sensor crepuscular,luces_automaticas,,reglas
JEEP,Sensor de estacionamiento trasero,sensores_traseros,,reglas
JEEP,Sensor de lluvia,sensor_lluvia,,reglas
JEEP,Sensor de lluvia y crepuscular,sensor_lluvia,,reglas
JEEP,Sensores de estacionamiento,sensores_traseros,,gemini
JEEP,Sensores de estacionamiento delanteros,sensores_delanteros,,reglas
JEEP,Sistema Automático de luces altas,luces_altas_automaticas,,gemini
JEEP,Sistema Traction Control + (Electronic Locker),,,ninguna
JEEP,Sistema automático de luces altas,luces_altas_automaticas,,gemini
JEEP,Sistema de audio Premium Beats® c/ Subfwoofer,audio_premium,,reglas
JEEP,Sistema de audio Premium Harman Kardon®,audio_premium,,reglas
JEEP,Sistema de audio con 6 parlantes,,,ninguna
JEEP,Sistema de control de presión de neumáticos,presion_neumaticos,,reglas
JEEP,Sistema de selección de terrenos Jeep Selec-Terrain®,,,ninguna
JEEP,Start & Stop Engine,,,ninguna
JEEP,Techo solar panorámico con comando eléctrico y,techo_solar,,reglas
JEEP,Techo solar panorámico eléctrico con black-out,techo_solar,,reglas
JEEP,Techo solar panorámico eléctrico con comando eléctrico y,techo_solar,,reglas
JEEP,Tela interior de techo color negro,techo_bitono,,reglas
JEEP,Tercera fila de asientos reclinable,,,ninguna
JEEP,Tres filas de asientos,,,ninguna
JEEP,Tuercas de seguridad + Auxilio,,,ninguna
JEEP,Volante regulable en altura y profundidad,,,ninguna
JEEP,Volante revestido en cuero,volante_cuero,,reglas
JEEP,Volante tapizado en cuero,volante_cuero,,reglas
JEEP,Volante y selectora tapizados en cuero,volante_cuero,,reglas
KIA,ABS (Sistema Antibloqueo de Frenos),,,ninguna
KIA,Airbag Acompañante,airbags_frontales,,gemini
KIA,Airbag Conductor,airbags_frontales,,gemini
KIA,Airbag Laterales y Cortina,airbags_laterales,,reglas
KIA,Airbag Laterales y Cortina,airbags_cortina,,reglas
KIA,Ajuste eléctrico de espejos,,,ninguna
KIA,Alerta de Atención del Conductor (DAW),alerta_fatiga,,gemini
KIA,Alerta de Puertas Abiertas,,,ninguna
KIA,Alerta de Salida Segura (SEW),,,ninguna
KIA,Alerta de ocupación de trasera,,,ninguna
KIA,Alza cristales eléctricos delanteros - One Touch (conductor),pantalla_multimedia,,reglas
KIA,Alza cristales eléctricos traseros,,,ninguna
KIA,Apertura de Baúl con amortiguador,,,ninguna
KIA,Apertura de Baúl por Barra de Torsión,,,ninguna
KIA,Apoya brazos delantero central con compartimento,,,ninguna
KIA,Apoyacabezas delanteros y traseros (regulables en altura),,,ninguna
KIA,Asiento de Conductor Regulable en Altura,,,ninguna
KIA,Asientos traseros rebatibles 60/40,,,ninguna
KIA,Asistencia de Luces Altas (HBA),luces_altas_automaticas,,gemini
KIA,Asistencia de Mantenimiento de Carril (LKA),mantenimiento_carril,,reglas
KIA,Asistencia de Pre-Colisión Delantero (FCA),frenado_autonomo,,reglas
KIA,Asistencia de Pre-Colisión en Punto Ciego (BCA),frenado_autonomo,,reglas
KIA,Asistencia de Pre-Colisión en Punto Ciego (BCA),punto_ciego,,reglas
KIA,Asistencia de Pre-Colisión en Trafico Cruzado Trasero (RCCA),frenado_autonomo,,reglas
KIA,Asistencia de Pre-Colisión en Trafico Cruzado Trasero (RCCA),trafico_cruzado,,reglas
KIA,Asistencia de Salida Segura (SEW),,,ninguna
KIA,Asistencia de Seguimiento de Carril (LFA),mantenimiento_carril,,gemini
KIA,Aviso de Líquido Limpiaparabrisas Bajo,,,ninguna
KIA,Barras de Techo,barras_techo,,reglas
KIA,Bluetooth,,,ninguna
KIA,Bolsillo trasero (lado acompañante),,,ninguna
KIA,Cargador Inalámbrico para Celulares,cargador_inalambrico,,reglas
KIA,Carrocería GT-Line,,,ninguna
KIA,Cierre de puertas centralizado en comando de conductor,,,ninguna
KIA,Cierrer centralizado de puertas (c/control conductor),,,ninguna
KIA,Cinturones de Seguridad Inerciales Delanteros y Traseros,,,ninguna
KIA,Climatizador Automático Bizona,climatizador_automatico,,reglas
KIA,Climatizador Automático Bizona,climatizador_bizona,,reglas
KIA,Comandos satelitales de audio al volante c/reconocimiento de voz,,,ninguna
KIA,Consola central con porta vasos,,,ninguna
KIA,Control de velocidad crucero,crucero,,reglas
KIA,Cámara de retroceso c/guías dinámicas,camara_trasera,,reglas
KIA,Ductos de ventilación Traseros,salidas_aire_traseras,,gemini
KIA,ESC (Control de Estabilidad),control_estabilidad,,reglas
KIA,Encendido Automático de Luces,luces_automaticas,,reglas
KIA,Espejo Retrovisor Día y Noche,,,ninguna
KIA,Espejos Color Carrocería c/Repetidor de Giro,,,ninguna
KIA,Espejos c/plegado automático,espejos_rebatibles,,gemini
KIA,Espejos de cortesía (conductor + acompañantes),,,ninguna
KIA,Espejos retrovisores Calefaccionados c/ plegado automático,espejos_rebatibles,,gemini
KIA,Estructura de Chasis Reforzada de Alta Resistencia,,,ninguna
KIA,Filtro de aire,,,ninguna
KIA,Freno de Mano Manual,,,ninguna
KIA,HAC (Control de Pendiente),arranque_pendiente,,gemini
KIA,Inmobilizador,,,ninguna
KIA,Levas al Volante,levas,,reglas
KIA,Limpiaparabrisas aerodinámico,,,ninguna
KIA,Luneta trasera térmica,,,ninguna
KIA,Manijas de Puerta Color Carrocería,,,ninguna
KIA,Manijas interiores en negro brillante,,,ninguna
KIA,Mood Lamp,,,ninguna
KIA,Palanca de cambios Forrada en Cuero,,,ninguna
KIA,Paragolpes color carrocería,,,ninguna
KIA,Parrilla en negro brillante,,,ninguna
KIA,Pedalera Deportiva,,,ninguna
KIA,Puertos de carga delantero USB A + USB C,,,ninguna
KIA,Puertos de carga traseros 2x USB C,usb_traseros,,reglas
KIA,Salidas de AC para plazas traseras,salidas_aire_traseras,,gemini
KIA,Seguro de Puertas Traseras para Niños,,,ninguna
KIA,Sensores de Estacionamiento Delanteros y Traseros,sensores_traseros,,reglas
KIA,Sensores de Estacionamiento Delanteros y Traseros,sensores_delanteros,,reglas
KIA,Sistema de Anclaje ISOFIX,isofix,,reglas
KIA,Sistema de Encendido por Botón,arranque_boton,,reglas
KIA,Sistema de Ingreso Inteligente (Smart Key),llave_presencia,,gemini
KIA,Sistema de monitoreo de presión de neumáticos,presion_neumaticos,,reglas
KIA,Sistema de sonido 6 parlantes (4 parlantes + 2 tweeter),,,ninguna
KIA,Sistema de sonido 6 parlantes (4 parlantes + 2 tweeter) SS,,,ninguna
KIA,Techo Solar (One Touch & Safety),techo_solar,,reglas
KIA,Techo Solar (One Touch & Safety),pantalla_multimedia,,reglas
KIA,Volante Deportivo Forrado en Cuero Ecológico,volante_cuero,,reglas
KIA,Volante Forrado en Cuero Ecológico,volante_cuero,,reglas
KIA,Volante con Regulacion en Altura y Profundidad,,,ninguna
PEUGEOT,Advanced Grip Control,,,ninguna
PEUGEOT,Airbags de cortina,airbags_cortina,,reglas
PEUGEOT,Airbags frontales conductor y pasajero,airbags_frontales,,reglas
PEUGEOT,Airbags laterales delanteros,airbags_laterales,,reglas
PEUGEOT,Aire acondicionado,aire_acondicionado,,reglas
PEUGEOT,Alarma Antirrobo Perimetral,,,ninguna
PEUGEOT,"Alarma Volumétrica, Perimétrica y Antilevantamiento",,,ninguna
PEUGEOT,Alerta de cambio de carril (LKA),mantenimiento_carril,,gemini
PEUGEOT,Alerta de punto ciego,punto_ciego,,reglas
PEUGEOT,Alerta de riesgo de colisión,,,ninguna
PEUGEOT,Alerta de subinflado de neumatico iTPMS,presion_neumaticos,,gemini
PEUGEOT,Alerta inflado de neumáticos,presion_neumaticos,,gemini
PEUGEOT,Alerón en portón trasero,,,ninguna
PEUGEOT,Apertura eléctrica de Baúl,porton_electrico,,gemini
PEUGEOT,Apoya brazos rebatible en butaca conductor,,,ninguna
PEUGEOT,Asiento conductor con regulación en altura,,,ninguna
PEUGEOT,Asiento conductor con regulación en altura y profundidad,,,ninguna
PEUGEOT,"Asiento conductor con regulación en altura, profundidad y lumbar",,,ninguna
PEUGEOT,"Asientos delanteros con ajuste eléctrico, calefaccionados y masajeador",asiento_electrico,,reglas
PEUGEOT,"Asientos delanteros con ajuste eléctrico, calefaccionados y masajeador",asientos_calefaccionados,,reglas
PEUGEOT,Asistencia al mantenimiento de carril,mantenimiento_carril,,reglas
PEUGEOT,Asistencia frenado automático riesgo colisión trasero,frenado_autonomo,,gemini
PEUGEOT,Asistente de trayectoria (LPA),mantenimiento_carril,,gemini
PEUGEOT,Ayuda al arranque en pendiente,arranque_pendiente,,reglas
PEUGEOT,Ayuda al arranque en pendiente (HILL ASSIST),arranque_pendiente,,reglas
PEUGEOT,Barras de techo longitudinales,barras_techo,,reglas
PEUGEOT,Butaca pasajero derecho rebatible,,,ninguna
PEUGEOT,Camara de retroceso,camara_trasera,,reglas
PEUGEOT,Cargador inductivo de smartphones,cargador_inalambrico,,reglas
PEUGEOT,Carrocería exterior bi-tono,techo_bitono,,reglas
PEUGEOT,Chapón protector bajo carter,,,ninguna
PEUGEOT,Cierre centralizado de puertas en rodaje con mando a distancia,,,ninguna
PEUGEOT,Cinturones de seguridad delanteros inerciales (3),,,ninguna
PEUGEOT,Cinturones de seguridad traseros inerciales (3),,,ninguna
PEUGEOT,Clean Cabin (Sensado y filtrado de aire en habitáculo),,,ninguna
PEUGEOT,Climatizador automático,climatizador_automatico,,reglas
PEUGEOT,Columna de dirección regulable en altura y profundidad,,,ninguna
PEUGEOT,Computadora de abordo,,,ninguna
PEUGEOT,Control crucero adaptativo,crucero_adaptativo,,reglas
PEUGEOT,Control de Estabilidad (ESP) y Control de Tracción (ASR),control_estabilidad,,reglas
PEUGEOT,Control de Estabilidad (ESP) y de Tracción (ASR),control_estabilidad,,reglas
PEUGEOT,Control de crucero y limitador de velocidad,crucero,,reglas
PEUGEOT,Control de crucero y limitador de velocidad,limitador_velocidad,,reglas
PEUGEOT,Control de estabilidad (ESP),control_estabilidad,,reglas
PEUGEOT,Control de estabilidad (ESP) y control de tracción (ASR),control_estabilidad,,reglas
PEUGEOT,Costuras de interior en Verde GT,,,ninguna
PEUGEOT,Cámara de visión delantera,,,ninguna
PEUGEOT,Dirección Asistida Eléctrica Variable,,,ninguna
PEUGEOT,Dirección asistida electrica,,,ninguna
PEUGEOT,Dirección asistida eléctrica,,,ninguna
PEUGEOT,Encedido Botón Stop & Start,arranque_boton,,gemini
PEUGEOT,Encedido Remoto y Acceso Manos Libres (ADML),llave_presencia,,gemini
PEUGEOT,Encendido Automatico Luces y Limpiaparabrisas,sensor_lluvia,,gemini
PEUGEOT,Encendido Automatico Luces y Limpiaparabrisas,luces_automaticas,,gemini
PEUGEOT,Encendido automático de luces,luces_automaticas,,reglas
PEUGEOT,Encendido automático de luces y sensor de lluvia,sensor_lluvia,,reglas
PEUGEOT,Encendido automático de luces y sensor de lluvia,luces_automaticas,,reglas
PEUGEOT,Encendido de luces automático,luces_automaticas,,reglas
PEUGEOT,Espejos exteriores con plegado eléctrico,espejos_rebatibles,,gemini
PEUGEOT,Espejos exteriores con regulación eléctrica,,,ninguna
PEUGEOT,Espejos exteriores rebatibles eléctricamente y calefaccionados,espejos_rebatibles,,reglas
PEUGEOT,Faro antiniebla trasero,faros_antiniebla,,reglas
PEUGEOT,Faros LED traseros,,,ninguna
PEUGEOT,Faros Tri-DRL LED,luces_diurnas,,reglas
PEUGEOT,Faros antiniebla delanteros y traseros,faros_antiniebla,,reglas
PEUGEOT,Faros colmillos DRL LED,luces_diurnas,,reglas
PEUGEOT,Faros colmillos DRL Tri-LED,luces_diurnas,,reglas
PEUGEOT,Faros delanteros con regulación interna de luces,,,ninguna
PEUGEOT,Faros traseros LED,,,manual
PEUGEOT,Fijaciones de Asientos ISOFIX y TOP TETHER,isofix,,reglas
PEUGEOT,Fijaciones de asientos para niños (ISOFIX) y (TOP TETHER),isofix,,reglas
PEUGEOT,Filtro de Particulas (DPF),,,ninguna
PEUGEOT,Frenado automático de emergencia,frenado_autonomo,,reglas
PEUGEOT,Frenado automático de emergencia (AEB),frenado_autonomo,,reglas
PEUGEOT,Freno de Mano eléctrico,freno_mano_electrico,,reglas
PEUGEOT,Freno de mano eléctrico,freno_mano_electrico,,reglas
PEUGEOT,Freno de seguridad post colisión (PCSB),,,ninguna
PEUGEOT,Frenos ABS,,,ninguna
PEUGEOT,Frenos ABS con REF (Repartidor Electrónico de Frenado),,,ninguna
PEUGEOT,Frenos ABS con REF (Repartidor Electrónico de Frenado) y AFU (Ayuda al Frenado de Urgencia),,,ninguna
PEUGEOT,Frenos ABS con Repartidor Electrónico de Frenado,,,ninguna
PEUGEOT,Frenos a discos en las 4 ruedas,,,ninguna
PEUGEOT,Función Coffee Break Alert,,,ninguna
PEUGEOT,Ganchos para sujección de carga,,,ninguna
PEUGEOT,Ganchos para sujeción de carga,,,ninguna
PEUGEOT,Ganchos para sujeción de carga (8),,,ninguna
PEUGEOT,Garantía 2 años con kilometraje ilimitado,,,ninguna
PEUGEOT,Grilla delantera color carrocería,,,ninguna
PEUGEOT,Guarda Objetos superior (Capucine),,,ninguna
PEUGEOT,Iluminación en zona de carga,,,ninguna
PEUGEOT,Indicador de descanso,alerta_fatiga,,gemini
PEUGEOT,Indicador de descanso recomendado,alerta_fatiga,,gemini
PEUGEOT,Indicador de descanso recomendado (DAA3),alerta_fatiga,,gemini
PEUGEOT,Indicador de límite de velocidad (lectura de señales),,,ninguna
PEUGEOT,Indicador intervalo de mantenimiento,,,ninguna
PEUGEOT,Inmovilizador de motor,,,ninguna
PEUGEOT,Kit alfombras GT,,,ninguna
PEUGEOT,Lectura de señales e indicador de límite de velocidad (ETSR),,,ninguna
PEUGEOT,Lectura e indicador de límite de velocidad,,,ninguna
PEUGEOT,Levantavidrios delanteros eléctricos,,,ninguna
PEUGEOT,Levantavidrios delanteros eléctricos secuenciales,,,ninguna
PEUGEOT,Levas al Volante,levas,,reglas
PEUGEOT,Levas al volante,levas,,reglas
PEUGEOT,"Limitador y Regulador de velocidad Adaptativo ""Stop & Go""",crucero_adaptativo,,gemini
PEUGEOT,"Limitador y Regulador de velocidad Adaptativo ""Stop & Go""",limitador_velocidad,,gemini
PEUGEOT,Limitador y regulador de velocidad (Cruise Control),crucero,,gemini
PEUGEOT,Limitador y regulador de velocidad (Cruise Control),limitador_velocidad,,gemini
PEUGEOT,Limpiaparabrisas automático,sensor_lluvia,,gemini
PEUGEOT,Limpiaparabrisas automático (Sensor de lluvia),sensor_lluvia,,reglas
PEUGEOT,Luces altas automáticas,luces_altas_automaticas,,reglas
PEUGEOT,Luces altas automáticas (HBA),luces_altas_automaticas,,reglas
PEUGEOT,Luces intermitentes de acción progresiva,,,ninguna
PEUGEOT,Luz ambiental color configurable,,,ninguna
PEUGEOT,Mirror Screen (Apple CarPlay / Android Auto),carplay_android,,reglas
PEUGEOT,Mirror Screen inalámbrico (Apple CarPlay / Android Auto),carplay_android,,reglas
PEUGEOT,Mirror Screen inalámbrico (Apple CarPlay / Android Auto),carplay_inalambrico,,reglas
PEUGEOT,Panel divisor cabina / Proteccion de piso de carga y lateral de 1/2 carga,,,ninguna
PEUGEOT,Panel divisor cabina/zona de carga,,,ninguna
PEUGEOT,"Pantalla Multimedia táctil de 10"" integrada",pantalla_multimedia,10,reglas
PEUGEOT,"Pantalla multimedia táctil curva integrada con tablero de instrumentos 21""",tablero_digital,21,reglas
PEUGEOT,"Pantalla multimedia táctil de 10""",pantalla_multimedia,10,reglas
PEUGEOT,"Pantalla táctil de 5"" integrada",pantalla_multimedia,5,reglas
PEUGEOT,Pedaleras en Aluminio,,,ninguna
PEUGEOT,Peugeot virtual i-Toggles,,,ninguna
PEUGEOT,Puerta lateral corrediza derecha,,,ninguna
PEUGEOT,Puertas traseras batientes con apertura 90°/180°,,,ninguna
PEUGEOT,Radio AM / FM / MP3 / USB (Tipo C) / Bluetooth®,,,ninguna
PEUGEOT,Radio AM / FM / MP3 / USB / Bluetooth®,,,ninguna
PEUGEOT,Recomendador de cambio de marcha (GSI),,,ninguna
PEUGEOT,"Rueda de auxilio de 15"" (125/80 R15)",,,ninguna
PEUGEOT,Rueda de auxilo (125/85 R16),,,ninguna
PEUGEOT,Sensores de estacionamiento delanteros,sensores_delanteros,,reglas
PEUGEOT,Sensores de estacionamiento traseros,sensores_traseros,,reglas
PEUGEOT,"Sensores de estacionamiento traseros, sonoro visual",sensores_traseros,,reglas
PEUGEOT,Servicios Conectados,,,ninguna
PEUGEOT,Sistema de Monitoreo Indirecto de Neumaticos (iTPMS),presion_neumaticos,,gemini
PEUGEOT,Sistema de acceso y arranque manos libres (ADML),llave_presencia,,gemini
PEUGEOT,Sistema de acceso y arranque manos libres (ADML),arranque_boton,,gemini
PEUGEOT,Sistema de audio (2P + 2TW + 2 traseros),,,ninguna
PEUGEOT,Sistema de estacionamiento asistido,estacionamiento_asistido,,reglas
PEUGEOT,Tablero de instrumentos digital B&N,tablero_digital,,reglas
PEUGEOT,Tableta giratoria abatible porta documentos en plaza central,,,ninguna
PEUGEOT,Techo panorámico,techo_solar,,reglas
PEUGEOT,Techo panorámico con apertura,techo_solar,,reglas
PEUGEOT,Techo panorámico vidriado electrico con apertura,techo_solar,,reglas
PEUGEOT,Toma 12V,,,ninguna
PEUGEOT,Toma 12V (1),,,ninguna
PEUGEOT,Toma de 12 V en habitaculo,,,ninguna
PEUGEOT,Vigilancia lateral ángulo muerto y alerta de tráfico trasero cruzado (RCTA),punto_ciego,,reglas
PEUGEOT,Volante Multifunción,,,ninguna
PEUGEOT,Volante cuero perforado calefaccionado multifunción,volante_cuero,,reglas
PEUGEOT,Volante multifunción,,,ninguna
RAM,Airbag de rodilla para el conductor,airbag_rodilla,,reglas
RAM,"Airbags de cortina, laterales delanteros y traseros",airbags_laterales,,reglas
RAM,"Airbags de cortina, laterales delanteros y traseros",airbags_cortina,,reglas
RAM,Airbags frontales,airbags_frontales,,reglas
RAM,Airbags laterales delanteros,airbags_laterales,,reglas
RAM,Ajuste de volante en altura y profundidad,,,ninguna
RAM,Apoyabrazo trasero con portavaso,,,ninguna
RAM,Arranque por botón,arranque_boton,,reglas
RAM,Asiento de acompañante con regulación eléctrica,asiento_electrico,,reglas
RAM,Asiento del conductor con regulación eléctrica,asiento_electrico,,reglas
RAM,Asientos delanteros con regulación manual,,,ninguna
RAM,Asistente de Estacionamiento,estacionamiento_asistido,,gemini
RAM,Asistente de mantenimiento de carril,mantenimiento_carril,,reglas
RAM,Cargador de celular por inducción Ram Charger,cargador_inalambrico,,gemini
RAM,Central multimedia uConnect de,pantalla_multimedia,,reglas
RAM,Cierre centralizado sensible a la,,,ninguna
RAM,Climatizador Automático Bi-Zona,climatizador_automatico,,reglas
RAM,Climatizador Automático Bi-Zona,climatizador_bizona,,reglas
RAM,Comandos al volante,,,ninguna
RAM,Consola Central con Apoyabrazos Ajustable,,,ninguna
RAM,Control de arranque y descenso,,,ninguna
RAM,Control de velocidad crucero,crucero,,reglas
RAM,Control de velocidad crucero adaptativo,crucero_adaptativo,,reglas
RAM,Cámara trasera,camara_trasera,,reglas
RAM,Detector de punto ciego,punto_ciego,,reglas
RAM,Dirección asistida eléctricamente,,,ninguna
RAM,Doble caño de escape negro,,,ninguna
RAM,Doble caño de escape pulido,,,ninguna
RAM,Espejos con cierre eléctrico,espejos_rebatibles,,gemini
RAM,Espejos laterales color negro,,,ninguna
RAM,Espejos laterales con indicadores de dirección y luces de,,,ninguna
RAM,Espejos laterales cromados,,,ninguna
RAM,Faros Full LED,faros_led,,reglas
RAM,Faros ajustables en altura,,,ninguna
RAM,Faros antiniebla LED con luces de giro,faros_antiniebla,,reglas
RAM,Frenado de emergencia,frenado_autonomo,,gemini
RAM,Freno de mano eléctrico,freno_mano_electrico,,reglas
RAM,Gancho de remolque delantero y trasero,,,ninguna
RAM,Levas al volante,levas,,reglas
RAM,"Llantas de aleación de 17""",llantas_aleacion,,reglas
RAM,"Llantas de aleación de 17""",llantas,17,reglas
RAM,"Llantas de aleación de 18""",llantas_aleacion,,reglas
RAM,"Llantas de aleación de 18""",llantas,18,reglas
RAM,"Llantas de aleación de 19""",llantas_aleacion,,reglas
RAM,"Llantas de aleación de 19""",llantas,19,reglas
RAM,Llave multifunción Smart Key,,,ninguna
RAM,Manijas de puerta color carrocería,,,ninguna
RAM,Manijas de puerta cromadas,,,ninguna
RAM,Modo R/T,,,ninguna
RAM,Modo Sport,,,ninguna
RAM,Moldura de vidrio de puerta color negro,,,ninguna
RAM,Moldura de vidrio de puerta cromada,,,ninguna
RAM,Paragolpes color negro,,,ninguna
RAM,Paragolpes cromado,,,ninguna
RAM,Revestimiento interior de techo en color negro,,,ninguna
RAM,Revestimiento interior en caja de carga,,,ninguna
RAM,Salidas de ventilación en las plazas traseras,salidas_aire_traseras,,gemini
RAM,Selector de marchas rotativo,,,ninguna
RAM,Sensor de estacionamiento,sensores_traseros,,gemini
RAM,Sistema de Sonido premium,audio_premium,,gemini
RAM,Sistema de control de estabilidad y tracción (ESC),control_estabilidad,,reglas
RAM,Sistema de iluminación LED,,,manual
RAM,Sistema de iluminación LED interior (Ambient Lighting),,,ninguna
RAM,Sistema de mitigación de rolido (ERM),,,ninguna
RAM,Sistema de monitoreo de presión,presion_neumaticos,,gemini
RAM,Sistema de sonido (6 parlantes),,,ninguna
RAM,Sistema de sujeción ISOFIX,isofix,,reglas
RAM,"Tablero full digital de 10""",tablero_digital,10,gemini
RAM,Tapizado interior en cuero negro,asientos_cuero,,reglas
RAM,Tapizado interior en cuero negro y alcántara R/T,asientos_cuero,,reglas
RAM,Tapizado interior en tela,,,ninguna
RAM,USB tipo A y C delanteros y traseros,usb_traseros,,reglas
RAM,Volante revestido en cuero,volante_cuero,,reglas
RAM,Volante revestido en cuero y alcántara R/T,volante_cuero,,reglas
RAM,Área de carga iluminada,,,ninguna
RENAULT,0@1.500 Puerto USB -C,,,ninguna
RENAULT,"10,8 13 Llantas de acero de 16 pulgadas con embellecedor",llantas,16,reglas
RENAULT,2 asientos Isofix,isofix,,reglas
RENAULT,2299 Aire acondicionado,aire_acondicionado,,gemini
RENAULT,25/65 R16 Luces diurnas DRL C-Shape con tecnología LED,luces_diurnas,,reglas
RENAULT,28L Limitador de velocidad,limitador_velocidad,,reglas
RENAULT,4 Vidrios eléctricos delanteros,,,ninguna
RENAULT,4 airbags (2 frontales y 2 laterales),airbags_frontales,,reglas
RENAULT,4 airbags (2 frontales y 2 laterales),airbags_laterales,,reglas
RENAULT,4 parlantes,,,ninguna
RENAULT,AFU - asistencia de frenado de emergencia,,,ninguna
RENAULT,Airbag conductor,airbags_frontales,,gemini
RENAULT,Airbags frontales delanteros,airbags_frontales,,reglas
RENAULT,Aire acondicionado con filtro de polen,aire_acondicionado,,gemini
RENAULT,Alarma de luces encendidas,,,ninguna
RENAULT,Alarma de puerta mal cerrada,,,ninguna
RENAULT,Apoyabrazos central,,,ninguna
RENAULT,Apoyacabezas delanteros,,,ninguna
RENAULT,Apoyacabezas traseros (x 3),,,ninguna
RENAULT,"Asiento del conductor reclinable, con regulación de altura y longitudinal",,,ninguna
RENAULT,Asiento del conductor regulable en altura,,,ninguna
RENAULT,Asiento trasero rebatible 1/3 - 2/3,,,ninguna
RENAULT,Asistencia a Frenado de Urgencia (AFU),,,ninguna
RENAULT,Asistencia de arranque en pendiente (HSA),arranque_pendiente,,reglas
RENAULT,Aviso de cinturón de seguridad sin colocar para el conductor,,,ninguna
RENAULT,Barras de techo longitudinales,barras_techo,,reglas
RENAULT,Bloqueo central de puertas con telecomando desde la llave,,,ninguna
RENAULT,Bolsillos portamapas en el respaldo de los asientos delanteros,,,ninguna
RENAULT,Cierre automático de puertas en rodaje,,,ninguna
RENAULT,Cierre centralizado de puertas con mando a distancia,,,ninguna
RENAULT,Cinturones de seguridad delanteros ajustables en altura con limitador de esfuerzo,,,ninguna
RENAULT,Cinturones de seguridad traseros de 3 puntos (x 3),,,ninguna
RENAULT,Cobertor de carga,,,ninguna
RENAULT,Comando satelital,,,ninguna
RENAULT,Computador de bordo,,,ninguna
RENAULT,Control Electrónico de Estabilidad (ESP),control_estabilidad,,reglas
RENAULT,Control crucero,crucero,,reglas
RENAULT,Control de Tracción (ASR),,,ninguna
RENAULT,Control de Tracción (TRC),,,ninguna
RENAULT,Control de velocidad crucero y limitador de velocidad,crucero,,reglas
RENAULT,Control de velocidad crucero y limitador de velocidad,limitador_velocidad,,reglas
RENAULT,Cámara de estacionamiento trasera,camara_trasera,,reglas
RENAULT,Cámara trasera de estacionamiento,camara_trasera,,reglas
RENAULT,DRL,luces_diurnas,,reglas
RENAULT,Desconexión del airbag del pasajero,,,ninguna
RENAULT,Dirección asistida,,,ninguna
RENAULT,Display de información múltiple,pantalla_multimedia,,reglas
RENAULT,Espejos exteriores eléctricos con luces direccionales laterales integradas,,,ninguna
RENAULT,Espejos retrovisores exteriores con comando eléctrico,,,ninguna
RENAULT,Espejos retrovisores exteriores con comando eléctrico calefaccionados,,,ninguna
RENAULT,Fijación de asientos para niños con sistema ISOFIX (x 3),isofix,,reglas
RENAULT,Fijación de asientos para niños con sistema Isofix (x 3),isofix,,reglas
RENAULT,Frenos con ABS y Distribución Electrónica de la Fuerza de Frenado (EBD),,,ninguna
RENAULT,HSA - asistente de arranque en pendientes LAC - control de carga adaptativo,arranque_pendiente,,reglas
RENAULT,Indicador de pasaje de marchas (GSI),,,ninguna
RENAULT,Indicador de temperatura exterior,,,ninguna
RENAULT,Indicadores digitales,,,ninguna
RENAULT,Levantacristales delanteros con comando eléctrico,,,ninguna
RENAULT,Look Stepway,,,ninguna
RENAULT,Luces antiniebla (proyectores y faros traseros),faros_antiniebla,,reglas
RENAULT,Luz interior central delantera,,,ninguna
RENAULT,Media Evolutio®n con pantalla táctil de 7’’,pantalla_multimedia,,reglas
RENAULT,Mesita de avión en el respaldo de los asientos delanteros,,,ninguna
RENAULT,Modo de conducción ecológico (ECO MODE),,,ninguna
RENAULT,Modo de conducción ecológico (Eco Mode),,,ninguna
RENAULT,Parasoles con bolsillo,,,ninguna
RENAULT,Protector de cárter del motor y caja de velocidades,,,ninguna
RENAULT,Rack de techo portaobjetos,barras_techo,,reglas
RENAULT,Reloj digital,,,ninguna
RENAULT,SWA - asistente de viento cruzado ROM - mitigación de vuelco,,,ninguna
RENAULT,Sensor de estacionamiento,sensores_traseros,,gemini
RENAULT,Sensor de estacionamiento trasero,sensores_traseros,,reglas
RENAULT,Sensores traseros de estacionamiento,sensores_traseros,,reglas
RENAULT,Sistema Media Evolution® con pantalla multitáctil de 7” y compatibilidad,pantalla_multimedia,,reglas
RENAULT,Sistema de monitoreo de presión de neumáticos (TPMS),presion_neumaticos,,reglas
RENAULT,Tercera luz de freno,,,ninguna
RENAULT,Tercera luz de stop,,,ninguna
RENAULT,USB tipo C,,,ninguna
RENAULT,Volante ajustable en altura,,,ninguna
RENAULT,Volante con ajuste de altura,,,ninguna
RENAULT,aire acondicionado,aire_acondicionado,,reglas
RENAULT,ajuste de altura en cinturones de plazas delanteras,,,ninguna
RENAULT,ajuste eléctrico de espejos,,,ninguna
RENAULT,alerta de cinturón de seguridad de 5 plazas,,,ninguna
RENAULT,"ansversal Multimedia 7"" Bluetooth, USBcompatible con Android Auto™ & Apple Car Play™",carplay_android,,reglas
RENAULT,"ansversal Multimedia 7"" Bluetooth, USBcompatible con Android Auto™ & Apple Car Play™",pantalla_multimedia,7,reglas
RENAULT,apoya cabezas trasero con regulación de altura,,,ninguna
RENAULT,carrocería con acabado bitono,techo_bitono,,reglas
RENAULT,cierre automático de puertas a los 6 km/h,,,ninguna
RENAULT,cierre centralizado,,,ninguna
RENAULT,cinturones de seguridad de 3 puntos en plazas traseras,,,ninguna
RENAULT,computadora de a bordo,,,ninguna
RENAULT,consola central con posa vasos,,,ninguna
RENAULT,control de arranque en pendiente,arranque_pendiente,,reglas
RENAULT,control de estabilidad,control_estabilidad,,reglas
RENAULT,cámara de visión trasera,camara_trasera,,reglas
RENAULT,desempañador de luneta trasera,,,ninguna
RENAULT,dirección eléctrica,,,ninguna
RENAULT,doble faro parabólico,,,ninguna
RENAULT,espejo de lectura en parasoles de plazas delanteras,,,ninguna
RENAULT,espejo retrovisor con antiencandilamiento,,,ninguna
RENAULT,espejos negros brillantes con franja amarillo citrón,,,ninguna
RENAULT,indicador de cambio de marcha,,,ninguna
RENAULT,indicador de temperatura,,,ninguna
RENAULT,levantavidrios eléctricos delanteros,,,ninguna
RENAULT,limpiaparabrisas trasero,,,ninguna
RENAULT,llantas de aleación de 14”,llantas_aleacion,,reglas
RENAULT,llantas de aleación de 14”,llantas,,reglas
RENAULT,llave tipo navaja,,,ninguna
RENAULT,luces diurnas LED (DRL),luces_diurnas,,reglas
RENAULT,manijas exteriores color carrocería,,,ninguna
RENAULT,"nales semielípticos de acero, barra estabilizadora Faros doble óptica",,,ninguna
RENAULT,o en las 4 ruedas EBD - distribución electrónica de frenado ESP - control de estabilidad,control_estabilidad,,reglas
RENAULT,on embellecedor Cinturones de seguridad delanteros de 3 puntos con pretensores,,,ninguna
RENAULT,"paragolpes delantero, trasero y stripping lateral de diseño “outsider”",,,ninguna
RENAULT,parasol en plazas delanteras,,,ninguna
RENAULT,parrilla frontal con detalles cromados y badge “iconic”,,,ninguna
RENAULT,sistema antibloqueo de frenos,,,ninguna
RENAULT,sistema de monitoreo de presión de neumáticos,presion_neumaticos,,reglas
RENAULT,trohidráulica ABS - frenos con sistema antibloqueo,,,ninguna
RENAULT,uadores hidráulicos telescópicos Faros antiniebla traseros y delanteros,faros_antiniebla,,reglas
VOLKSWAGEN,-,,,ninguna
VOLKSWAGEN,1 luz de lectura delantera y dos traseras,,,ninguna
VOLKSWAGEN,2 airbags (conductor y pasajero),airbags_frontales,,reglas
VOLKSWAGEN,2 luces de lectura delantera,,,ninguna
VOLKSWAGEN,2 parlantes delanteros y 2 traseros,,,ninguna
VOLKSWAGEN,2 tomas USB Tipo C en consola central,,,ninguna
VOLKSWAGEN,2 tomas USB Tipo C traseras,usb_traseros,,reglas
VOLKSWAGEN,"2 tomas de USB ""C"" delanteras y 2 tomas USB ""C"" traseras",usb_traseros,,reglas
VOLKSWAGEN,2 tweeters,,,ninguna
VOLKSWAGEN,3 apoyacabezas traseros,,,ninguna
VOLKSWAGEN,3 apoyacabezas traseros ajustable en altura,,,ninguna
VOLKSWAGEN,3era luz de stop,,,ninguna
VOLKSWAGEN,4 parlantes,,,ninguna
VOLKSWAGEN,4 parlantes delanteros y 2 traseros,,,ninguna
VOLKSWAGEN,6 Altavoces,,,ninguna
VOLKSWAGEN,6 Altavoces + 1 subwoofer,,,ninguna
VOLKSWAGEN,6 parlantes,,,ninguna
VOLKSWAGEN,ABS off-road,,,ninguna
VOLKSWAGEN,Abatimiento eléctrico de espejos exteriores,espejos_rebatibles,,gemini
VOLKSWAGEN,"Activación automática de luces de marcha, con luz de marcha diurna",luces_diurnas,,reglas
VOLKSWAGEN,Active Info Display,pantalla_multimedia,,reglas
VOLKSWAGEN,Active Info Display,tablero_digital,,reglas
VOLKSWAGEN,Airbag para conductor y acompañante,airbags_frontales,,reglas
VOLKSWAGEN,Airbag para conductor y acompañante (2),airbags_frontales,,reglas
VOLKSWAGEN,Airbag para conductor y acompañante con desactivación del acompañante,airbags_frontales,,reglas
VOLKSWAGEN,Airbags de cortina (2),airbags_cortina,,reglas
VOLKSWAGEN,Airbags de cortina (2) y Airbags laterales (2),airbags_laterales,,reglas
VOLKSWAGEN,Airbags de cortina (2) y Airbags laterales (2),airbags_cortina,,reglas
VOLKSWAGEN,Airbags de cortina (delanteros y traseros),airbags_cortina,,reglas
VOLKSWAGEN,Airbags laterales (2),airbags_laterales,,reglas
VOLKSWAGEN,Airbags laterales delanteros con protección de tórax y cabeza,airbags_laterales,,reglas
VOLKSWAGEN,Aire Acondicionado,aire_acondicionado,,reglas
VOLKSWAGEN,Aire acondicionado,aire_acondicionado,,reglas
VOLKSWAGEN,Ajuste dinámico de luces delanteras | AFS,,,ninguna
VOLKSWAGEN,Alarma antirrobo (sensor volumetrico),,,ninguna
VOLKSWAGEN,Alarma antirrobo (sensor volumétrico),,,ninguna
VOLKSWAGEN,Alarma antirrobo con monitoreo de habitáculo e Inmobilizador electrónico,,,ninguna
VOLKSWAGEN,Alarma antirrobo con monitoreo de habitáculo e Inmovilizador electrónico,,,ninguna
VOLKSWAGEN,Alarma e Inmovilizador electrónico,,,ninguna
VOLKSWAGEN,Alfombras de tela,,,ninguna
VOLKSWAGEN,Alfombras en tela,,,ninguna
VOLKSWAGEN,Alfombrillas de tela,,,ninguna
VOLKSWAGEN,Alimentación,,,ninguna
VOLKSWAGEN,Alto (mm),,,ninguna
VOLKSWAGEN,Alto (mm) - (sin barras portaequipaje),,,ninguna
VOLKSWAGEN,"Alzacristales eléctricos con función ""one touch"" y temporizador",pantalla_multimedia,,reglas
VOLKSWAGEN,Alzacristales eléctricos delanteros,,,ninguna
VOLKSWAGEN,Ancho (mm),,,ninguna
VOLKSWAGEN,Ancho (mm) 1.799 Sistema de freno ABS,,,ninguna
VOLKSWAGEN,Ancho con espejos (mm),,,ninguna
VOLKSWAGEN,Ancho entre pasaruedas (mm),,,ninguna
VOLKSWAGEN,Anclajes ISOFIX en las plazas traseras,isofix,,reglas
VOLKSWAGEN,Apertura y cierre de portón baúl eléctrico,porton_electrico,,reglas
VOLKSWAGEN,Apertura y cierre de portón baúl eléctrico con pedal virtual | Easy open,porton_electrico,,reglas
VOLKSWAGEN,Apliques en aluminio con logo R-Line en zócalo de ingreso habitáculo (conductor/acompañante),,,ninguna
VOLKSWAGEN,Apliques en aluminio en zócalo de ingreso habitáculo (conductor / acompañante),,,ninguna
VOLKSWAGEN,Apliques en aluminio en zócalo de ingreso habitáculo iluminado (conductor/acompañante),,,ninguna
VOLKSWAGEN,Apoyabrazos delantero,,,ninguna
VOLKSWAGEN,Apoyabrazos delantero central,,,ninguna
VOLKSWAGEN,Apoyabrazos delantero central con espacio de guardado,,,ninguna
VOLKSWAGEN,Apoyabrazos delantero central con salida de aire traseras,salidas_aire_traseras,,reglas
VOLKSWAGEN,Apoyabrazos delantero central corredizo y con espacio de guardado,,,ninguna
VOLKSWAGEN,Apoyacabezas central traseros ajustable en altura,,,ninguna
VOLKSWAGEN,Apoyacabezas delanteros activos,,,ninguna
VOLKSWAGEN,App Connect (Android Auto & Apple Car Play),carplay_android,,reglas
VOLKSWAGEN,App Connect (Android auto & Apple car play),carplay_android,,reglas
VOLKSWAGEN,"App Connect Sin Cable X Asientos delanteros con ajuste lumbar, asiento conductor con ajuste lumbar eléctrico",asiento_electrico,,reglas
VOLKSWAGEN,"App Connect Sin Cable X Asientos delanteros con ajuste lumbar, asiento conductor con ajuste lumbar eléctrico",carplay_inalambrico,,reglas
VOLKSWAGEN,Asiento conductor con ajuste lumbar,,,ninguna
VOLKSWAGEN,Asiento conductor y pasajero con ajuste lumbar,,,ninguna
VOLKSWAGEN,Asiento de conductor con ajuste de altura,,,ninguna
VOLKSWAGEN,Asiento del conductor con ajuste de altura,,,ninguna
VOLKSWAGEN,Asiento del conductor con ajuste eléctrico de 12 vías,asiento_electrico,,reglas
VOLKSWAGEN,"Asiento del conductor con ajuste eléctrico, asiento pasajero con ajuste de altura manual",asiento_electrico,,reglas
VOLKSWAGEN,Asiento del conductor con ajuste manual de altura,,,ninguna
VOLKSWAGEN,Asiento del conductor con regulación lumbar,,,ninguna
VOLKSWAGEN,Asiento del conductor y pasajero con ajuste eléctrico de 12 vías con memoria,asiento_electrico,,reglas
VOLKSWAGEN,Asiento trasero plegable (una pieza),,,ninguna
VOLKSWAGEN,"Asientos delanteros con ajuste lumbar, asiento conductor con ajuste lumbar eléctrico",asiento_electrico,,reglas
VOLKSWAGEN,Asientos delanteros con apoyacabeza integrado,,,ninguna
VOLKSWAGEN,Asientos delanteros con calefacción,asientos_calefaccionados,,reglas
VOLKSWAGEN,Asientos delanteros con calefacción y ventilación,asientos_calefaccionados,,reglas
VOLKSWAGEN,Asientos delanteros con función masajes,,,ninguna
VOLKSWAGEN,Asientos delanteros con regulación eléctrica ergoComfort (14 posiciones),asiento_electrico,,reglas
VOLKSWAGEN,Asistente de arranque en pendiente (HHC),arranque_pendiente,,reglas
VOLKSWAGEN,Asistente de ascenso de pendientes (HSA),arranque_pendiente,,reglas
VOLKSWAGEN,Asistente de conducción en viaje con función stop & go | Travel Assist,,,ninguna
VOLKSWAGEN,Asistente de conducción en viaje | Travel Assist,,,ninguna
VOLKSWAGEN,Asistente de descenso de pendientes (HDC),,,ninguna
VOLKSWAGEN,Asistente de descenso en pendiente (HDC),,,ninguna
VOLKSWAGEN,Asistente de frenado de emergencia (BAS),,,ninguna
VOLKSWAGEN,Asistente de frenado de emergencia post colisión,,,ninguna
VOLKSWAGEN,Asistente de mantenimiento de carril,mantenimiento_carril,,reglas
VOLKSWAGEN,Asistente de mantenimiento de carril con asistente en tráfico,mantenimiento_carril,,reglas
VOLKSWAGEN,Asistente de mantenimiento de carril | Lane Assist,mantenimiento_carril,,reglas
VOLKSWAGEN,Asistente para arranque en pendiente (HHC),arranque_pendiente,,reglas
VOLKSWAGEN,Asistente para arranque en pendientes,arranque_pendiente,,reglas
VOLKSWAGEN,Asistente para emergencias | Emergency Assist,,,ninguna
VOLKSWAGEN,Asistente por voz,,,ninguna
VOLKSWAGEN,Aviso cinturón de seguridad desabrochado (asientos delanteros y traseros),,,ninguna
VOLKSWAGEN,Aviso cinturón de seguridad desabrochado (conductor y pasajeros),,,ninguna
VOLKSWAGEN,Aviso cinturón de seguridad desabrochado (delanteros y traseros),,,ninguna
VOLKSWAGEN,Aviso cinturón de seguridad desabrochado (plazas delanteras y traseras),,,ninguna
VOLKSWAGEN,Barra de estilo de acero inoxidable (styling bar),,,ninguna
VOLKSWAGEN,Barra de luz trasera en led integrada | Light Strip,,,ninguna
VOLKSWAGEN,Barra deportiva (sportsbar),,,ninguna
VOLKSWAGEN,Barras de techo color en plata anodizado,barras_techo,,reglas
VOLKSWAGEN,Barras de techo en color negro,barras_techo,,reglas
VOLKSWAGEN,Barras de techo plateadas,barras_techo,,reglas
VOLKSWAGEN,Barras de techo silver,barras_techo,,reglas
VOLKSWAGEN,Barras longitudinales de techo en plata anodizada,barras_techo,,reglas
VOLKSWAGEN,Bloqueo electronico del diferencial (EDS),,,ninguna
VOLKSWAGEN,Bloqueo electrónico de diferencial (EDL),,,ninguna
VOLKSWAGEN,Bloqueo electrónico del diferencial (EDS),,,ninguna
VOLKSWAGEN,Bloqueo mecánico del diferencial,,,ninguna
VOLKSWAGEN,Bloqueo mécanico del diferencial,,,ninguna
VOLKSWAGEN,Bluetooth para telefonia y audio,,,ninguna
VOLKSWAGEN,Bluetooth para telefonia y audio X Asiento del conductor con ajuste eléctrico con memoria,asiento_electrico,,reglas
VOLKSWAGEN,Bluetooth para telefonía y audio,,,ninguna
VOLKSWAGEN,CONFORT,,,ninguna
VOLKSWAGEN,Caja de cambios,,,ninguna
VOLKSWAGEN,Calefacción de asientos,asientos_calefaccionados,,reglas
VOLKSWAGEN,Cantidad de puertas,,,ninguna
VOLKSWAGEN,Capacidad de carga sobre barra de techo (kg),,,ninguna
VOLKSWAGEN,Capacidad de tanque de combustible (l),,,ninguna
VOLKSWAGEN,"Capacidad de tanque de combustible (l) 50 2 tomas de USB ""C"" delanteras y 1 tomas USB ""C"" trasera",,,ninguna
VOLKSWAGEN,Capacidad de vadeo (mm),,,ninguna
VOLKSWAGEN,Carcasa de espejos exteriores color negro,,,ninguna
VOLKSWAGEN,Carcasa de espejos y manijas de puerta en color carrocería,,,ninguna
VOLKSWAGEN,Carcasa espejos retrovisores color gris,,,ninguna
VOLKSWAGEN,Carcaza de espejos retrovisores,,,ninguna
VOLKSWAGEN,Carga útil máxima (kg),,,ninguna
VOLKSWAGEN,Cargador Inalámbrico,cargador_inalambrico,,reglas
VOLKSWAGEN,Cargador de celular inalámbrico,cargador_inalambrico,,reglas
VOLKSWAGEN,Cargador inalámbrico,cargador_inalambrico,,reglas
VOLKSWAGEN,Cargador inductivo de celular,cargador_inalambrico,,reglas
VOLKSWAGEN,Cargador inductivo de celular X Asientos delanteros con función calefacción y ventilación,asientos_calefaccionados,,reglas
VOLKSWAGEN,Cargador inductivo de celular X Asientos delanteros con función calefacción y ventilación,cargador_inalambrico,,reglas
VOLKSWAGEN,Cierre central con comando a distancia,,,ninguna
VOLKSWAGEN,Cierre centralizado con comando a distancia,,,ninguna
VOLKSWAGEN,Cierre centralizado de puertas por control remoto,,,ninguna
VOLKSWAGEN,Cilindrada (cm3),,,ninguna
VOLKSWAGEN,Cilindrada (cm³),,,ninguna
VOLKSWAGEN,Cilindrada (cm³) 1984 Anclajes ISOFIX en las plazas traseras,,,ninguna
VOLKSWAGEN,Cilindros,,,ninguna
VOLKSWAGEN,Cilindros 4 cilindros Apoyacabezas delanteros activos,,,ninguna
VOLKSWAGEN,"Cinturones automáticos delanteros con 3 puntos, con ajuste de altura",,,ninguna
VOLKSWAGEN,Cinturones de seguridad delanteros ajustables en altura,,,ninguna
VOLKSWAGEN,Cinturones de seguridad delanteros sin ajuste en altura,,,ninguna
VOLKSWAGEN,Cinturones de seguridad traseros de tres puntos para asientos traseros (x3),,,ninguna
VOLKSWAGEN,Cinturones de seguridad traseros de tres puntos para ocupantes asientos traseros (x3),,,ninguna
VOLKSWAGEN,Cinturones de seguridad traseros de tres puntos retractables,,,ninguna
VOLKSWAGEN,Cinturones de seguridad traseros de tres puntos retractables (3),,,ninguna
VOLKSWAGEN,Cinturón de seguridad automático 3P delante,,,ninguna
VOLKSWAGEN,Cinturón de seguridad del conductor ajustable en altura,,,ninguna
VOLKSWAGEN,Climatizador,climatizador_automatico,,reglas
VOLKSWAGEN,"Climatizador automático ""Climatronic"" de 2 zonas con comando táctil",climatizador_automatico,,reglas
VOLKSWAGEN,"Climatizador automático ""Climatronic"" de 2 zonas con comando táctil",climatizador_bizona,,reglas
VOLKSWAGEN,Climatizador automático 1 zona,climatizador_automatico,,reglas
VOLKSWAGEN,Climatizador automático de 3 zonas integrado en sistema multimedia,climatizador_automatico,,reglas
VOLKSWAGEN,Climatizador automático de 3 zonas integrado en sistema multimedia,pantalla_multimedia,,reglas
VOLKSWAGEN,Climatizador automático táctil sin guantera refrigerada,climatizador_automatico,,reglas
VOLKSWAGEN,Climatizador táctil automático 1 zona,climatizador_automatico,,reglas
VOLKSWAGEN,Cobertor de pasaruedas (overfenders),,,ninguna
VOLKSWAGEN,Cobertor/ tapa de motor,,,ninguna
VOLKSWAGEN,Columna de dirección regulable en altura y profundidad,,,ninguna
VOLKSWAGEN,Combustible,,,ninguna
VOLKSWAGEN,Combustible Nafta Airbags de cortina (2) y Airbargs laterales (2),airbags_laterales,,reglas
VOLKSWAGEN,Combustible Nafta Airbags de cortina (2) y Airbargs laterales (2),airbags_cortina,,reglas
VOLKSWAGEN,Compacidad de vadeo (mm),,,ninguna
VOLKSWAGEN,Compartimento de carga (l),,,ninguna
VOLKSWAGEN,Computadora de abordo,,,ninguna
VOLKSWAGEN,Computadora de abordo I-System,,,ninguna
VOLKSWAGEN,Conectividad Apple Car Play / Android Auto con y sin cable,carplay_android,,reglas
VOLKSWAGEN,Conectividad Apple Car Play / Android Auto con y sin cable,carplay_inalambrico,,reglas
VOLKSWAGEN,Conectividad Apple Car Play / Android Auto con y sin cable X Cierre central con comando a distancia,carplay_android,,reglas
VOLKSWAGEN,Conectividad Apple Car Play / Android Auto con y sin cable X Cierre central con comando a distancia,carplay_inalambrico,,reglas
VOLKSWAGEN,Configuración,,,ninguna
VOLKSWAGEN,Consola central con apoyabrazos,,,ninguna
VOLKSWAGEN,Control crucero,crucero,,reglas
VOLKSWAGEN,Control de asistente para arranque en pendientes,arranque_pendiente,,reglas
VOLKSWAGEN,Control de estabilidad,control_estabilidad,,reglas
VOLKSWAGEN,Control de estabilidad (ESC),control_estabilidad,,reglas
VOLKSWAGEN,Control de estabilidad (ESC) y Asistente de arranque en pendiente (HHC),control_estabilidad,,reglas
VOLKSWAGEN,Control de estabilidad (ESC) y Asistente de arranque en pendiente (HHC),arranque_pendiente,,reglas
VOLKSWAGEN,Control de estabilidad (ESP),control_estabilidad,,reglas
VOLKSWAGEN,Control de estabilidad (ESP) con estabilización para remolques,control_estabilidad,,reglas
VOLKSWAGEN,Control de estabilidad con sistema de frenado de emergencia post colisión,control_estabilidad,,reglas
VOLKSWAGEN,Control de inercia (MSR),,,ninguna
VOLKSWAGEN,Control de presión de neumaticos (TPMS),presion_neumaticos,,reglas
VOLKSWAGEN,Control de presión de neumáticos,presion_neumaticos,,reglas
VOLKSWAGEN,Control de presión de neumáticos (TPMS),presion_neumaticos,,reglas
VOLKSWAGEN,Control de tracción (ASR),,,ninguna
VOLKSWAGEN,Control de velocidad crucero,crucero,,reglas
VOLKSWAGEN,Control de velocidad crucero adaptativo (ACC),crucero_adaptativo,,reglas
VOLKSWAGEN,"Control de velocidad crucero adaptativo ACC ""stop & go"" con limitador de velocidad",crucero_adaptativo,,reglas
VOLKSWAGEN,"Control de velocidad crucero adaptativo ACC ""stop & go"" con limitador de velocidad",limitador_velocidad,,reglas
VOLKSWAGEN,"Cuadro de intrumentos analogico con computadora de abordo 3,5""",,,ninguna
VOLKSWAGEN,Cámara de estacionamiento con visión trasera,camara_trasera,,reglas
VOLKSWAGEN,Cámara de estacionamiento trasera,camara_trasera,,reglas
VOLKSWAGEN,Cámara de retroceso,camara_trasera,,reglas
VOLKSWAGEN,Cámara de visión 360°,camara_360,,reglas
VOLKSWAGEN,Cámara de visión trasera,camara_trasera,,reglas
VOLKSWAGEN,Cámara de visión trasera X Cantidad de puertas,camara_trasera,,reglas
VOLKSWAGEN,DRL Halógenos,luces_diurnas,,reglas
VOLKSWAGEN,DRL LED,luces_diurnas,,reglas
VOLKSWAGEN,Depósito de combustible (l),,,ninguna
VOLKSWAGEN,Desactivación Airbag (pasajero delantero),,,ninguna
VOLKSWAGEN,Desbloqueo a distancia para el portón de maletero,,,ninguna
VOLKSWAGEN,Desempeñador de luneta,,,ninguna
VOLKSWAGEN,Desposito de combustible (l),,,ninguna
VOLKSWAGEN,Detalles en cromo,,,ninguna
VOLKSWAGEN,Detalles exteriores GLI X Iluminación de cortesía en baúl,,,ninguna
VOLKSWAGEN,Detector de fatiga,alerta_fatiga,,reglas
VOLKSWAGEN,Detector de punto ciego con asistente trasero de tráfico cruzado,punto_ciego,,reglas
VOLKSWAGEN,Detector de punto ciego con asistente trasero de tráfico cruzado,trafico_cruzado,,reglas
VOLKSWAGEN,Difusores de aire traseros,salidas_aire_traseras,,gemini
VOLKSWAGEN,Dirección,,,ninguna
VOLKSWAGEN,Dirección asistida eléctrica,,,ninguna
VOLKSWAGEN,"Display multifuncional ""VW Digital Cockpit""",pantalla_multimedia,,reglas
VOLKSWAGEN,"Display multifuncional ""VW Digital Cockpit""",tablero_digital,,reglas
VOLKSWAGEN,Distancia entre ejes (mm),,,ninguna
VOLKSWAGEN,Distribución,,,ninguna
VOLKSWAGEN,Doble salida de tubo de escape trasero X Interior Oscuro (revestimiento de techo y pilares interiores),,,ninguna
VOLKSWAGEN,EXTERIOR,,,ninguna
VOLKSWAGEN,"EXTERIOR GLI 350 TSI Espejos exteriores con función memoria, ajuste eléctrico y calefaccionables",,,ninguna
VOLKSWAGEN,"El fabricante se reserva el derecho de actualizar las informaciones, sin incurrir en ninguna obligación. Los datos que figuran en este volante son vigentes Volante deportivo multifunción revestido en cuero, con levas de cambio",volante_cuero,,reglas
VOLKSWAGEN,"El fabricante se reserva el derecho de actualizar las informaciones, sin incurrir en ninguna obligación. Los datos que figuran en este volante son vigentes Volante deportivo multifunción revestido en cuero, con levas de cambio",levas,,reglas
VOLKSWAGEN,"Embellecedor de puertas en pilares ""B""",,,ninguna
VOLKSWAGEN,Embellecedor delantero y rejilla protectora del radiador,,,ninguna
VOLKSWAGEN,Embellecedores de tuercas,,,ninguna
VOLKSWAGEN,Emblema R-Line en volante,,,ninguna
VOLKSWAGEN,Embrague,,,ninguna
VOLKSWAGEN,Emisión de gases,,,ninguna
VOLKSWAGEN,Emisión de gases Tecnología Euro 6 Detector de punto ciego con asistente trasero de tráfico cruzado,punto_ciego,,reglas
VOLKSWAGEN,Emisión de gases Tecnología Euro 6 Detector de punto ciego con asistente trasero de tráfico cruzado,trafico_cruzado,,reglas
VOLKSWAGEN,Espejo interior con anti-encandilamiento automático,espejo_electrocromico,,reglas
VOLKSWAGEN,Espejo interior de seguridad anti deslumbramiento automático,espejo_electrocromico,,gemini
VOLKSWAGEN,Espejos exteriores color carrocería,,,ninguna
VOLKSWAGEN,Espejos exteriores color negro,,,ninguna
VOLKSWAGEN,Espejos exteriores color negro brillante,,,ninguna
VOLKSWAGEN,Espejos exteriores con ajuste eléctrico y función tilt down,,,ninguna
VOLKSWAGEN,"Espejos exteriores con ajuste eléctrico, calefaccionables y función tilt down",,,ninguna
VOLKSWAGEN,"Espejos exteriores con ajuste eléctrico, rebatibles en forma eléctrica y calefaccionables",espejos_rebatibles,,reglas
VOLKSWAGEN,Espejos exteriores con regulación electrica y desempañador,,,ninguna
VOLKSWAGEN,Espejos exteriores eléctricos con Tilt Down,,,ninguna
VOLKSWAGEN,Espejos exteriores en color carroceria,,,ninguna
VOLKSWAGEN,"Espejos exteriores en color negro exclusivo ""Outfit""",,,ninguna
VOLKSWAGEN,Espejos exteriores pintados en color negro,,,ninguna
VOLKSWAGEN,Espejos exteriores plegables eléctricamente,espejos_rebatibles,,reglas
VOLKSWAGEN,Espejos exteriores y manijas de puerta color carrocería X Levantavidrios eléctricos delanteros y traseros,,,ninguna
VOLKSWAGEN,Espejos laterales con luz de giro integrada,,,ninguna
VOLKSWAGEN,Espejos laterales con luz de giro integrada X Limpiaparabrisas automático con sensor de lluvia,sensor_lluvia,,reglas
VOLKSWAGEN,Espejos laterales con luz de giro integrada y luz de bienvenida,,,ninguna
VOLKSWAGEN,Espejos laterales con luz de giro y luz ambiental integrada,,,ninguna
VOLKSWAGEN,Espejos laterales con proyección de logo VW en piso,,,ninguna
VOLKSWAGEN,Espejos rebatibles en forma eléctrica,espejos_rebatibles,,reglas
VOLKSWAGEN,"Estribos laterales ovales ""negro mate""",,,ninguna
VOLKSWAGEN,Estribos laterales ovales de acero inoxidable,,,ninguna
VOLKSWAGEN,Estribos laterales planos de aluminio,,,ninguna
VOLKSWAGEN,Faro antiniebla trasero (izquierdo),faros_antiniebla,,reglas
VOLKSWAGEN,Faros Anti-niebla delanteros,faros_antiniebla,,gemini
VOLKSWAGEN,Faros Eco LED,faros_led,,gemini
VOLKSWAGEN,Faros Halógenos,,,ninguna
VOLKSWAGEN,Faros VW LED,faros_led,,reglas
VOLKSWAGEN,Faros antiniebla,faros_antiniebla,,reglas
VOLKSWAGEN,Faros antiniebla delanteros LED con luz estatica de giro,faros_antiniebla,,reglas
VOLKSWAGEN,Faros antiniebla delanteros LED con luz estática de giro,faros_antiniebla,,reglas
VOLKSWAGEN,"Faros delanteros con tecnologia ""VW LED""",faros_led,,reglas
VOLKSWAGEN,Faros delanteros con tecnología IQ Light con luz de curva dinámica,faros_led,,gemini
VOLKSWAGEN,Faros delanteros en tecnología LED,faros_led,,reglas
VOLKSWAGEN,Faros delanteros en tecnología LED Matrix,faros_led,,reglas
VOLKSWAGEN,Faros delanteros en tecnología VW LED con sistema de asistencia para luz de carretera X Luces de lectura delanteras y traseras,faros_led,,gemini
VOLKSWAGEN,Faros delanteros en tecnología VW LED con sistema de asistencia para luz de carretera X Luces de lectura delanteras y traseras,luces_altas_automaticas,,gemini
VOLKSWAGEN,Faros principales LED con DRL integrada,faros_led,,reglas
VOLKSWAGEN,Faros principales LED con DRL integrada,luces_diurnas,,reglas
VOLKSWAGEN,Faros principales VW LED,faros_led,,reglas
VOLKSWAGEN,Faros principales VW LED y luz de marcha diurna,luces_diurnas,,reglas
VOLKSWAGEN,Faros traseros Click-Clack LED,,,manual
VOLKSWAGEN,Faros traseros LED,,,manual
VOLKSWAGEN,Faros traseros halogenos con antiniebla incorporado,faros_antiniebla,,reglas
VOLKSWAGEN,Film de protección y antideslizamiento en zocalo puerta (lado conductor),,,ninguna
VOLKSWAGEN,Film de protección y antideslizamiento en zócalo puerta (lado conductor),,,ninguna
VOLKSWAGEN,Frenado asistido para evitar colisiones múltiples,,,ninguna
VOLKSWAGEN,Frenado autónomo de emergencia (AEB),frenado_autonomo,,reglas
VOLKSWAGEN,Freno autónomo de emergencia,frenado_autonomo,,gemini
VOLKSWAGEN,Freno autónomo de emergencia con detección de peatones,frenado_autonomo,,gemini
VOLKSWAGEN,Freno autónomo de emergencia con detección de peatones y ciclistas | AEB,frenado_autonomo,,reglas
VOLKSWAGEN,Freno autónomo de emergencia con detección de peatones | AEB,frenado_autonomo,,reglas
VOLKSWAGEN,Freno autónomo de emergencia con detector de peatones | AEB,frenado_autonomo,,reglas
VOLKSWAGEN,Freno de estacionamiento eléctrico,freno_mano_electrico,,reglas
VOLKSWAGEN,Freno de estacionamiento eléctrico con función Auto Hold,freno_mano_electrico,,reglas
VOLKSWAGEN,Freno de mano revestido en cuero sintético,,,ninguna
VOLKSWAGEN,Ganchos de rescate (trasero y delantero),,,ninguna
VOLKSWAGEN,Grilla LED frontal iluminada,,,ninguna
VOLKSWAGEN,Grilla de radiador con detalles cromados,,,ninguna
VOLKSWAGEN,Grilla de radiador negra,,,ninguna
VOLKSWAGEN,Grilla frontal con iluminación LED,,,ninguna
VOLKSWAGEN,Grilla frontal iluminada,,,ninguna
VOLKSWAGEN,Guantera con cerradura,,,ninguna
VOLKSWAGEN,Guardabarros (delanteros y traseros),,,ninguna
VOLKSWAGEN,Head Up display,pantalla_multimedia,,reglas
VOLKSWAGEN,INTERIOR,,,ninguna
VOLKSWAGEN,Iluminación ambiental interior en panel de instrumentos,tablero_digital,,reglas
VOLKSWAGEN,Iluminación ambiental interior en panel de instrumentos y puertas delanteras con paneles retroiluminados,tablero_digital,,reglas
VOLKSWAGEN,Iluminación de caja de carga,,,ninguna
VOLKSWAGEN,Iluminación de conducción diurna (DRL),luces_diurnas,,reglas
VOLKSWAGEN,Iluminación de cortesía en baúl,,,ninguna
VOLKSWAGEN,Iluminación de cortesía en la guantera,,,ninguna
VOLKSWAGEN,Iluminación luz ambiental interior en panel de instrumentos X Climatizador automático de 2 zonas con comando táctil,climatizador_automatico,,reglas
VOLKSWAGEN,Iluminación luz ambiental interior en panel de instrumentos X Climatizador automático de 2 zonas con comando táctil,climatizador_bizona,,reglas
VOLKSWAGEN,Iluminación luz ambiental interior en panel de instrumentos X Climatizador automático de 2 zonas con comando táctil,tablero_digital,,reglas
VOLKSWAGEN,Iluminación luz ambiental interior en panel de instrumentos y puertas delanteras,tablero_digital,,reglas
VOLKSWAGEN,Indicador de presión de neumáticos,presion_neumaticos,,reglas
VOLKSWAGEN,Indicador para el control de presión de neumáticos,presion_neumaticos,,reglas
VOLKSWAGEN,Inmovilizador electrónico,,,ninguna
VOLKSWAGEN,Inmovilizador electrónico de motor,,,ninguna
VOLKSWAGEN,Insignias traseras y laterales en color negro,,,ninguna
VOLKSWAGEN,Insonorizante de capot,,,ninguna
VOLKSWAGEN,Interior Oscuro (revestimiento de techo y pilares interiores),,,ninguna
VOLKSWAGEN,Largo (mm),,,ninguna
VOLKSWAGEN,Largo (mm) 4.720 Sistema de asistente para luz de carretera | Light Assist,,,ninguna
VOLKSWAGEN,Levantacristales eléctricos delanteros,,,ninguna
VOLKSWAGEN,Levantacristales eléctricos delanteros y traseros,,,ninguna
VOLKSWAGEN,Levantavidrios eléctricos delanteros y traseros,,,ninguna
VOLKSWAGEN,Levas (shift paddles) en volante,levas,,reglas
VOLKSWAGEN,Levas al volante,levas,,reglas
VOLKSWAGEN,Limpiaparabrisas automático con sensor de lluvia,sensor_lluvia,,reglas
VOLKSWAGEN,Limpiaparabrisas con regulador de velocidad,,,ninguna
VOLKSWAGEN,Llanta de rueda de auxilio,llantas,,reglas
VOLKSWAGEN,Llantas,llantas,,reglas
VOLKSWAGEN,"Llantas de acero de 15""",llantas,15,reglas
VOLKSWAGEN,Llantas de acero de 15”,llantas,,reglas
VOLKSWAGEN,Llantas de acero de 16'',llantas,16,reglas
VOLKSWAGEN,Llantas de acero de 16'' | Neumáticos 205/60,llantas,16,reglas
VOLKSWAGEN,Llantas de aleación de 15 v”Extreme”,llantas_aleacion,,reglas
VOLKSWAGEN,Llantas de aleación de 15 v”Extreme”,llantas,,reglas
VOLKSWAGEN,"Llantas de aleación de 15""",llantas_aleacion,,reglas
VOLKSWAGEN,"Llantas de aleación de 15""",llantas,15,reglas
VOLKSWAGEN,Llantas de aleación de 16'',llantas_aleacion,,reglas
VOLKSWAGEN,Llantas de aleación de 16'',llantas,16,reglas
VOLKSWAGEN,Llantas de aleación de 16'' diamantadas | Neumáticos 205/60,llantas_aleacion,,reglas
VOLKSWAGEN,Llantas de aleación de 16'' diamantadas | Neumáticos 205/60,llantas,16,reglas
VOLKSWAGEN,Llantas de aleación de 16'' | Neumáticos 205/60,llantas_aleacion,,reglas
VOLKSWAGEN,Llantas de aleación de 16'' | Neumáticos 205/60,llantas,16,reglas
VOLKSWAGEN,Llantas de aleación de 17'',llantas_aleacion,,reglas
VOLKSWAGEN,Llantas de aleación de 17'',llantas,17,reglas
VOLKSWAGEN,Llantas de aleación de 17'' diamantadas | Neumáticos 205/55,llantas_aleacion,,reglas
VOLKSWAGEN,Llantas de aleación de 17'' diamantadas | Neumáticos 205/55,llantas,17,reglas
VOLKSWAGEN,Llantas de aleación de 17'' oscurecidas | Neumáticos 205/55,llantas_aleacion,,reglas
VOLKSWAGEN,Llantas de aleación de 17'' oscurecidas | Neumáticos 205/55,llantas,17,reglas
VOLKSWAGEN,Llantas de aleación de 17'' pintadas en color negro,llantas_aleacion,,reglas
VOLKSWAGEN,Llantas de aleación de 17'' pintadas en color negro,llantas,17,reglas
VOLKSWAGEN,Llantas de aleación de 17'' | Neumáticos 205/55,llantas_aleacion,,reglas
VOLKSWAGEN,Llantas de aleación de 17'' | Neumáticos 205/55,llantas,17,reglas
VOLKSWAGEN,"Llantas de aleación de 17'' | Neumáticos 205/55 Con tecnología ""Seal Inside""",llantas_aleacion,,reglas
VOLKSWAGEN,"Llantas de aleación de 17'' | Neumáticos 205/55 Con tecnología ""Seal Inside""",llantas,17,reglas
VOLKSWAGEN,"Llantas de aleación de 18"" Belvedere con tuerca de seguridad | Neumáticos 235/55 R18",llantas_aleacion,,reglas
VOLKSWAGEN,"Llantas de aleación de 18"" Belvedere con tuerca de seguridad | Neumáticos 235/55 R18",llantas,18,reglas
VOLKSWAGEN,"Llantas de aleación de 18"" Fiji | Neumáticos 215/55 R18",llantas_aleacion,,reglas
VOLKSWAGEN,"Llantas de aleación de 18"" Fiji | Neumáticos 215/55 R18",llantas,18,reglas
VOLKSWAGEN,"Llantas de aleación de 18"" Phoenix | Neumáticos 235/55 R18",llantas_aleacion,,reglas
VOLKSWAGEN,"Llantas de aleación de 18"" Phoenix | Neumáticos 235/55 R18",llantas,18,reglas
VOLKSWAGEN,Llantas de aleación de 18'',llantas_aleacion,,reglas
VOLKSWAGEN,Llantas de aleación de 18'',llantas,18,reglas
VOLKSWAGEN,"Llantas de aleación de 19"" Plus | Neumáticos 235/45 R19",llantas_aleacion,,reglas
VOLKSWAGEN,"Llantas de aleación de 19"" Plus | Neumáticos 235/45 R19",llantas,19,reglas
VOLKSWAGEN,Llantas de aleación de 19'' Grinder | Neumáticos 255/45 R19,llantas_aleacion,,reglas
VOLKSWAGEN,Llantas de aleación de 19'' Grinder | Neumáticos 255/45 R19,llantas,19,reglas
VOLKSWAGEN,Logo VW delantero y trasero iluminado,,,ninguna
VOLKSWAGEN,Logo VW trasero iluminado,,,ninguna
VOLKSWAGEN,Logotipos traseros (AMAROK; V6),,,ninguna
VOLKSWAGEN,Lona marítima,,,ninguna
VOLKSWAGEN,Luces de giro delanteras y traseras dinámicas,,,ninguna
VOLKSWAGEN,Luces de lectura delanteras y traseras,,,ninguna
VOLKSWAGEN,Luces de lectura direccionales para conductor y pasajeros,,,ninguna
VOLKSWAGEN,Luces traseras en tecnología LED,,,ninguna
VOLKSWAGEN,Luces traseras en tecnología LED con línea LED trasera iluminada,,,ninguna
VOLKSWAGEN,"Luz de ambiente LED ""Ambient Light""",,,ninguna
VOLKSWAGEN,"Luz de ambiente exterior (manijas de puerta, grilla, logo VW) con animación",,,ninguna
VOLKSWAGEN,Luz de conducción diurna en LED,luces_diurnas,,reglas
VOLKSWAGEN,Luz de cortesía (delantera y trasera) con luces de lectura,,,ninguna
VOLKSWAGEN,Luz de cortesía delantera (2),,,ninguna
VOLKSWAGEN,Luz de curva dinámica,,,ninguna
VOLKSWAGEN,Luz de giro en espejos exteriores,,,ninguna
VOLKSWAGEN,"Línea LED trasera ""Light Strip""",,,ninguna
VOLKSWAGEN,Manijas de puerta/ portón,,,ninguna
VOLKSWAGEN,Manijas de puertas exteriores color carrocería con iluminación integrada,,,ninguna
VOLKSWAGEN,Manijas de puertas exteriores en color carrocería,,,ninguna
VOLKSWAGEN,Mi VW Connect,conectividad_remota,,reglas
VOLKSWAGEN,Mi VW Connect X,conectividad_remota,,reglas
VOLKSWAGEN,Moldura inferior de ventanas en cromo,,,ninguna
VOLKSWAGEN,Moldura protectora lateral y etiqueta adhesiva “Extreme”,,,ninguna
VOLKSWAGEN,Navegación de mapas,navegador,,reglas
VOLKSWAGEN,Neumáticos,,,ninguna
VOLKSWAGEN,Neumáticos 205/55,,,ninguna
VOLKSWAGEN,Neumáticos 205/60,,,ninguna
VOLKSWAGEN,Palanca de cambios en columna de dirección,,,ninguna
VOLKSWAGEN,Palanca de cambios forrada en cuero,,,ninguna
VOLKSWAGEN,Palanca de cambios revestida en cuero,,,ninguna
VOLKSWAGEN,Paragolpes delantero color carroceria,,,ninguna
VOLKSWAGEN,Paragolpes delantero y trasero color carrocería,,,ninguna
VOLKSWAGEN,Paragolpes delantero y trasero color carrocería deportivos R-Line,,,ninguna
VOLKSWAGEN,"Paragolpes delantero y trasero deportivos GLI color carrocería X Rueda de auxilio temporal, de espacio reducido",,,ninguna
VOLKSWAGEN,Paragolpes trasero,,,ninguna
VOLKSWAGEN,Parasol con espejos iluminados,,,ninguna
VOLKSWAGEN,Parasoles con espejo en acompañante sin iluminación,,,ninguna
VOLKSWAGEN,Parasoles con espejos con iluminación,,,ninguna
VOLKSWAGEN,Parasoles con espejos de cortesia y porta documentos,,,ninguna
VOLKSWAGEN,Parasoles con espejos de cortesía y porta documentos,,,ninguna
VOLKSWAGEN,Parasoles con espejos iluminados,,,ninguna
VOLKSWAGEN,Parasoles con espejos iluminados y porta documentos,,,ninguna
VOLKSWAGEN,Pedales deportivos con apliques en aluminio,,,ninguna
VOLKSWAGEN,Pedales deportivos en aluminio,,,ninguna
VOLKSWAGEN,Porta anteojos en consola de techo,,,ninguna
VOLKSWAGEN,Portavasos en consola central,,,ninguna
VOLKSWAGEN,Portón trasero con cerradura manual y apertura amortiguada,,,ninguna
VOLKSWAGEN,Potencia (CV / kW / rpm),,,ninguna
VOLKSWAGEN,Potencia (CV),,,ninguna
VOLKSWAGEN,Potencia (CV) 230 Asistente de frenado de emergencia post colisión,,,ninguna
VOLKSWAGEN,Preparación para colocación de gancho remolque,,,ninguna
VOLKSWAGEN,Preparación para montaje de barras portaequipajes longitudinales,,,ninguna
VOLKSWAGEN,Protector de bajos (cubre carter),,,ninguna
VOLKSWAGEN,Protector de caja de carga,,,ninguna
VOLKSWAGEN,Protector de correa dentada,,,ninguna
VOLKSWAGEN,Puntos de anclaje en caja de carga,,,ninguna
VOLKSWAGEN,Regulación del par de arrastre del motor (MSR),,,ninguna
VOLKSWAGEN,Regulación lumbar en plazas delanteras,,,ninguna
VOLKSWAGEN,Regulación manual de altura/ alcance de luces delanteras,,,ninguna
VOLKSWAGEN,Relación de compresión,,,ninguna
VOLKSWAGEN,Respaldo asiento trasero plegable (1/3 - 2/3),,,ninguna
VOLKSWAGEN,Respaldo asiento trasero plegable (1/3 - 2/3) con apoyabrazos central,,,ninguna
VOLKSWAGEN,Respaldo de asiento trasero rebatible,,,ninguna
VOLKSWAGEN,Retrovisores con comando interno eléctrico,,,ninguna
VOLKSWAGEN,Retrovisores con luz de giro incorporado,,,ninguna
VOLKSWAGEN,Revestimiento de piso en habitaculo,,,ninguna
VOLKSWAGEN,Revestimiento de piso en habitáculo,,,ninguna
VOLKSWAGEN,"Revestimiento de puertas, laterales y volante en cuero",volante_cuero,,reglas
VOLKSWAGEN,Revestimiento interior (techo y pilares),,,ninguna
VOLKSWAGEN,"Rueda de auxilio temporal, de espacio reducido",,,ninguna
VOLKSWAGEN,SB,,,ninguna
VOLKSWAGEN,SEGURIDAD,,,ninguna
VOLKSWAGEN,"Safer Tag (alerta cambio de carril, colisión frontal y peatones, monitoreo de tráfico, indicación límite de velocidad máxima)",,,ninguna
VOLKSWAGEN,Selección de atmósferas interior,,,ninguna
VOLKSWAGEN,Selector de funciones con pantalla en consola central,pantalla_multimedia,,reglas
VOLKSWAGEN,Selector de perfil de conducción,,,ninguna
VOLKSWAGEN,Selectora de cambios y volante revestidos en cuero,volante_cuero,,reglas
VOLKSWAGEN,Sensor crepuscular con activación automática de luces,luces_automaticas,,reglas
VOLKSWAGEN,Sensor crepuscular con activación automática de luces bajas,luces_automaticas,,reglas
VOLKSWAGEN,Sensor de estacionamiento delantero,sensores_delanteros,,reglas
VOLKSWAGEN,Sensor de estacionamiento trasero,sensores_traseros,,reglas
VOLKSWAGEN,Sensor de lluvia con regulación automática de los limpiaparabrisas,sensor_lluvia,,reglas
VOLKSWAGEN,Sensor de luz y lluvia y Coming & leaving home,sensor_lluvia,,gemini
VOLKSWAGEN,Sensor de luz y lluvia y Coming & leaving home,luces_automaticas,,gemini
VOLKSWAGEN,Sensores de estacionamiento delanteros y traseros,sensores_traseros,,reglas
VOLKSWAGEN,Sensores de estacionamiento delanteros y traseros,sensores_delanteros,,reglas
VOLKSWAGEN,Sensores de estacionamiento traseros,sensores_traseros,,reglas
VOLKSWAGEN,"Sistema ""Coming & Leaving Home""",,,ninguna
VOLKSWAGEN,"Sistema ""Start/Stop"" con regeneración en frenado",,,ninguna
VOLKSWAGEN,Sistema Kessy de apertura y arranque sin llave,llave_presencia,,reglas
VOLKSWAGEN,"Sistema Multimedia VW Play 10"" Conectada con App connect sin cable",carplay_inalambrico,,reglas
VOLKSWAGEN,"Sistema Multimedia VW Play 10"" Conectada con App connect sin cable",pantalla_multimedia,10,reglas
VOLKSWAGEN,"Sistema Multimedia VW Play 10"" con App connect sin cable",carplay_inalambrico,,reglas
VOLKSWAGEN,"Sistema Multimedia VW Play 10"" con App connect sin cable",pantalla_multimedia,10,reglas
VOLKSWAGEN,Sistema Multimedia VW Play 10'' con Wireless App Connect,carplay_inalambrico,,reglas
VOLKSWAGEN,Sistema Multimedia VW Play 10'' con Wireless App Connect,pantalla_multimedia,10,reglas
VOLKSWAGEN,"Sistema Multimedia VW Play Connect de 10"" Semiflotante",pantalla_multimedia,10,reglas
VOLKSWAGEN,"Sistema Multimedia de 12,9"" flotante",pantalla_multimedia,12.9,reglas
VOLKSWAGEN,"Sistema Multimedia de 15,0"" flotante",pantalla_multimedia,15,reglas
VOLKSWAGEN,Sistema Multimedia “Composition Touch” de 9”,pantalla_multimedia,,reglas
VOLKSWAGEN,Sistema de alarma antirrobo y control del habitáculo,,,ninguna
VOLKSWAGEN,Sistema de apertura y encendido sin llave,llave_presencia,,reglas
VOLKSWAGEN,Sistema de apertura y encendido sin llave - KESSY,llave_presencia,,reglas
VOLKSWAGEN,Sistema de apertura y encendido sin llave | Keyless,llave_presencia,,reglas
VOLKSWAGEN,Sistema de apertura y encendido sin llave | Keyless Access,llave_presencia,,reglas
VOLKSWAGEN,Sistema de asistencia para luz de carretera | Light Assist,luces_altas_automaticas,,gemini
VOLKSWAGEN,Sistema de asistente para luz de carretera | Light Assist,luces_altas_automaticas,,gemini
VOLKSWAGEN,Sistema de detector de fatiga,alerta_fatiga,,reglas
VOLKSWAGEN,Sistema de estabilización de remolque (TSA),,,ninguna
VOLKSWAGEN,Sistema de estacionamiento automático “Park Assist”,estacionamiento_asistido,,reglas
VOLKSWAGEN,Sistema de estacionamiento autónomo inteligente | Park Assist,estacionamiento_asistido,,reglas
VOLKSWAGEN,Sistema de frenado automatico post colisión,,,ninguna
VOLKSWAGEN,Sistema de frenado automático post colisión,,,ninguna
VOLKSWAGEN,Sistema de frenado de emergencia post colisión,,,ninguna
VOLKSWAGEN,Sistema de freno ABS,,,ninguna
VOLKSWAGEN,Sistema de frenos,,,ninguna
VOLKSWAGEN,Sistema de frenos ABS,,,ninguna
VOLKSWAGEN,Sistema de frenos ABS y EBD,,,ninguna
VOLKSWAGEN,Sistema de frenos Frenos a disco delanteros y traseros Detector de fatiga,alerta_fatiga,,reglas
VOLKSWAGEN,Sistema de frenos “ABS”,,,ninguna
VOLKSWAGEN,"Sistema multimedia Composition Touch 9""",pantalla_multimedia,9,reglas
VOLKSWAGEN,Suspensión delantera,,,ninguna
VOLKSWAGEN,Suspensión trasera,,,ninguna
VOLKSWAGEN,Suspensión trasera Independiente Multilink Control de estabilidad (ESC),control_estabilidad,,reglas
VOLKSWAGEN,T,,,ninguna
VOLKSWAGEN,TECNOLOGÍA - SISTEMAS DE AUDIO Y NAVEGACIÓN GLI 350 TSI Alfombras en tela,navegador,,reglas
VOLKSWAGEN,"TEST 2025 Recomienda Sistema ""Coming & Leaving Home""",,,ninguna
VOLKSWAGEN,"Tablero 100"" Digital | Active Info Display",tablero_digital,,reglas
VOLKSWAGEN,"Tablero 100% digital 10,25"" | Active Info Display",tablero_digital,10.25,reglas
VOLKSWAGEN,"Tablero Digital de 10,25” | Active Info Display X",tablero_digital,,reglas
VOLKSWAGEN,"Tablero Digital de 10,25” | Digital Cockpit Pro",tablero_digital,,reglas
VOLKSWAGEN,"Tablero digital 10,25"" | Active Info Display",tablero_digital,10.25,reglas
VOLKSWAGEN,"Tablero digital 8"" | VW Digital Cockpit",tablero_digital,8,reglas
VOLKSWAGEN,Tapizado de asientos,,,ninguna
VOLKSWAGEN,Tapizado de asientos en cuero,asientos_cuero,,reglas
VOLKSWAGEN,Tapizado de asientos en cuero ecológico,asientos_cuero,,reglas
VOLKSWAGEN,Tapizado de asientos en vinilo,,,ninguna
VOLKSWAGEN,Tapizado de asientos parcialmente en cuero,asientos_cuero,,reglas
VOLKSWAGEN,Tapizado en cuero,asientos_cuero,,reglas
VOLKSWAGEN,Tapizado en cuero ecológico,asientos_cuero,,reglas
VOLKSWAGEN,"Tapizado en cuero ecológico ""Outfit""",asientos_cuero,,reglas
VOLKSWAGEN,"Tapizado en cuero ecológico exclusivo ""Outfit""",asientos_cuero,,reglas
VOLKSWAGEN,Tapizado en cuero sintético,asientos_cuero,,reglas
VOLKSWAGEN,Tapizado en tela,,,ninguna
VOLKSWAGEN,Tapizados con asiento de cuero,asientos_cuero,,reglas
VOLKSWAGEN,Tapizados de asientos en tela,,,ninguna
VOLKSWAGEN,Techo Panorámico X Sensor crepuscular con activación automática de luces bajas,luces_automaticas,,reglas
VOLKSWAGEN,Techo Panorámico X Sensor crepuscular con activación automática de luces bajas,techo_solar,,reglas
VOLKSWAGEN,Techo bitono color negro,techo_bitono,,reglas
VOLKSWAGEN,Techo bitono en color negro,techo_bitono,,reglas
VOLKSWAGEN,Techo solar panorámico,techo_solar,,reglas
VOLKSWAGEN,Tercera luz de Stop,,,ninguna
VOLKSWAGEN,Tercera luz de stop,,,ninguna
VOLKSWAGEN,Testigo de pérdida de presión de neumático,presion_neumaticos,,gemini
VOLKSWAGEN,Testigo de pérdida de presión de neumáticos,presion_neumaticos,,reglas
VOLKSWAGEN,Toma (s) de 12 voltios,,,ninguna
VOLKSWAGEN,Toma 12V con encendedor,,,ninguna
VOLKSWAGEN,Toma 12V estandar,,,ninguna
VOLKSWAGEN,Torque (Nm / kgm / rpm),,,ninguna
VOLKSWAGEN,Torque máximo (Nm/rpm),,,ninguna
VOLKSWAGEN,Tracción,traccion_4x4,,reglas
VOLKSWAGEN,"Tracción Delantera Control de velocidad crucero adaptativo ACC ""stop & go"" con limitador de velocidad",crucero_adaptativo,,reglas
VOLKSWAGEN,"Tracción Delantera Control de velocidad crucero adaptativo ACC ""stop & go"" con limitador de velocidad",limitador_velocidad,,reglas
VOLKSWAGEN,"Tracción Delantera Control de velocidad crucero adaptativo ACC ""stop & go"" con limitador de velocidad",traccion_4x4,,reglas
VOLKSWAGEN,Transmisión,,,ninguna
VOLKSWAGEN,USB en apoyabrazos para las plazas traseras,usb_traseros,,reglas
VOLKSWAGEN,USBs Total,,,ninguna
VOLKSWAGEN,Versión,,,ninguna
VOLKSWAGEN,Versión 350 TSI Airbag para conductor y acompañante con desactivación del acompañante,airbags_frontales,,reglas
VOLKSWAGEN,Volante Multifunción,,,ninguna
VOLKSWAGEN,Volante multifunción,,,ninguna
VOLKSWAGEN,Volante multifunción revestido en cuero,volante_cuero,,reglas
VOLKSWAGEN,Volante multifunción revestido en cuero con levas al volante,volante_cuero,,reglas
VOLKSWAGEN,Volante multifunción revestido en cuero con levas al volante,levas,,reglas
VOLKSWAGEN,Volante multifunción revestido en cuero sintético con levas al volante,volante_cuero,,reglas
VOLKSWAGEN,Volante multifunción revestido en cuero sintético con levas al volante,levas,,reglas
VOLKSWAGEN,"Volante multifunción revestido en cuero, con levas de cambio",volante_cuero,,reglas
VOLKSWAGEN,"Volante multifunción revestido en cuero, con levas de cambio",levas,,reglas
VOLKSWAGEN,Volante regulable en altura y profundidad,,,ninguna
VOLKSWAGEN,Volante revestido en cuero con levas de cambio,volante_cuero,,reglas
VOLKSWAGEN,Volante revestido en cuero con levas de cambio,levas,,reglas
VOLKSWAGEN,Volante revestido en cuero sintético,volante_cuero,,reglas
VOLKSWAGEN,Volumen de carga (l),,,ninguna
VOLKSWAGEN,Válvulas por cilindro,,,ninguna
VOLKSWAGEN,Válvulas por cilindro 4 Asistente de conducción en viaje con función stop & go | Travel Assist,,,ninguna
VOLKSWAGEN,X,,,ninguna
VOLKSWAGEN,gr,,,ninguna
VOLKSWAGEN,i,,,ninguna
VOLKSWAGEN,n d,,,ninguna
VOLKSWAGEN,oq,,,ninguna
VOLKSWAGEN,s,,,ninguna
VOLKSWAGEN,www.latinncap.com Sistema de apertura y encendido sin llave | Keyless Access,llave_presencia,,reglas
VOLKSWAGEN,x,,,ninguna
VOLKSWAGEN,y calefaccionado Volante regulable en altura y profundidad,,,ninguna
VOLKSWAGEN,Ángulo de ataque (°),,,ninguna
VOLKSWAGEN,Ángulo de salida (°),,,ninguna
VOLKSWAGEN,Ángulo de ventral (°),,,ninguna
